{"stats":{"minecraft:crafted":{"minecraft:oak_planks":164,"minecraft:dark_oak_boat":4,"minecraft:spruce_pressure_plate":2,"minecraft:diamond_helmet":1,"minecraft:diamond_leggings":1,"minecraft:iron_boots":1,"minecraft:wooden_shovel":2,"minecraft:emerald":54,"minecraft:cooked_porkchop":8,"minecraft:diamond_axe":2,"minecraft:crafting_table":10,"minecraft:wooden_pickaxe":3,"minecraft:iron_helmet":1,"minecraft:birch_planks":208,"minecraft:iron_chestplate":1,"minecraft:diamond_pickaxe":3,"minecraft:shield":1,"minecraft:stick":108,"minecraft:iron_ingot":31,"minecraft:iron_pickaxe":1,"minecraft:iron_block":14,"minecraft:furnace":4,"minecraft:bone_meal":6,"minecraft:diamond":63,"minecraft:iron_axe":2,"minecraft:stone_pickaxe":4,"minecraft:diamond_boots":1,"minecraft:redstone_block":4,"minecraft:dark_oak_planks":100,"minecraft:cooked_beef":5,"minecraft:stone_axe":3,"minecraft:acacia_boat":1,"minecraft:air":0,"minecraft:oak_boat":2,"minecraft:wooden_axe":3,"minecraft:iron_leggings":1,"minecraft:torch":108,"minecraft:diamond_chestplate":1},"minecraft:killed":{"minecraft:witch":1,"minecraft:spider":5,"minecraft:skeleton":16,"minecraft:chicken":1,"minecraft:silverfish":1,"minecraft:pig":5,"minecraft:creeper":3,"minecraft:sheep":7,"minecraft:pillager":7,"minecraft:zombie":18,"minecraft:donkey":1,"minecraft:cow":2,"alexscaves:tremorsaurus":1,"minecraft:vindicator":4,"minecraft:ravager":3},"minecraft:picked_up":{"minecraft:wooden_axe":2,"minecraft:iron_chestplate":1,"minecraft:wheat":2,"minecraft:redstone_block":1,"minecraft:iron_trapdoor":1,"minecraft:lead":1,"minecraft:diamond_sword":6,"minecraft:golden_shovel":1,"minecraft:crimson_planks":14,"minecraft:brewing_stand":2,"minecraft:amethyst_block":1,"minecraft:polished_deepslate":4,"minecraft:string":8,"minecraft:dark_oak_trapdoor":9,"minecraft:waxed_cut_copper_slab":8,"minecraft:iron_leggings":3,"minecraft:purple_banner":1,"minecraft:shroomlight":1,"minecraft:diamond_leggings":1,"minecraft:cobbled_deepslate":38,"minecraft:comparator":2,"minecraft:spruce_planks":23,"minecraft:waxed_exposed_cut_copper":8,"minecraft:rose_bush":10,"minecraft:ender_eye":2,"minecraft:azalea":7,"minecraft:iron_pickaxe":3,"minecraft:iron_boots":2,"minecraft:furnace":6,"minecraft:stick":15,"minecraft:acacia_fence":7,"minecraft:jukebox":2,"minecraft:big_dripleaf":4,"minecraft:oak_fence":5,"minecraft:brick_wall":3,"minecraft:torch":47,"minecraft:spruce_stairs":4,"alexscaves:heavy_bone":2,"minecraft:porkchop":9,"minecraft:lightning_rod":1,"minecraft:diorite":7,"minecraft:goat_horn":1,"minecraft:brown_carpet":2,"minecraft:waxed_cut_copper_stairs":7,"minecraft:rotten_flesh":43,"minecraft:tropical_fish":2,"minecraft:blackstone_wall":3,"minecraft:waxed_cut_copper":15,"minecraft:obsidian":8,"minecraft:cobblestone":267,"minecraft:birch_log":76,"minecraft:magma_block":2,"minecraft:feather":1,"minecraft:lilac":4,"minecraft:water_bucket":1,"minecraft:andesite":10,"minecraft:black_bed":1,"minecraft:dark_oak_boat":4,"minecraft:mud_brick_stairs":1,"minecraft:tuff":3,"minecraft:warped_trapdoor":1,"minecraft:lapis_lazuli":49,"minecraft:dirt":21,"minecraft:lantern":1,"minecraft:purple_carpet":1,"minecraft:bone":27,"minecraft:acacia_planks":13,"minecraft:bow":1,"minecraft:wheat_seeds":6,"minecraft:raw_gold":2,"minecraft:diamond_helmet":2,"alexscaves:spawn_egg_forsaken":64,"minecraft:moss_block":30,"minecraft:oak_planks":188,"minecraft:black_terracotta":37,"minecraft:cooked_porkchop":4,"minecraft:oak_pressure_plate":1,"minecraft:black_stained_glass_pane":2,"minecraft:sand":115,"minecraft:jungle_planks":9,"minecraft:dark_oak_log":29,"minecraft:barrel":4,"minecraft:dark_prismarine":15,"minecraft:stripped_acacia_log":1,"minecraft:dark_prismarine_slab":2,"minecraft:diamond":20,"minecraft:lever":16,"minecraft:cracked_polished_blackstone_bricks":1,"minecraft:crossbow":1,"minecraft:granite":26,"minecraft:golden_apple":13,"minecraft:emerald":57,"minecraft:bread":22,"minecraft:bricks":4,"minecraft:oak_sapling":4,"minecraft:light_gray_carpet":4,"minecraft:dark_oak_fence":2,"minecraft:diamond_pickaxe":3,"minecraft:mud_brick_slab":10,"minecraft:waxed_oxidized_cut_copper":17,"minecraft:crafting_table":13,"minecraft:allium":2,"minecraft:splash_potion":2,"minecraft:clay_ball":12,"minecraft:turtle_helmet":1,"minecraft:chest_minecart":1,"minecraft:redstone_lamp":6,"minecraft:brown_mushroom":11,"minecraft:wooden_pickaxe":4,"minecraft:stone_brick_wall":1,"minecraft:cooked_rabbit":2,"minecraft:gold_block":1,"gravestone:obituary":21,"minecraft:shield":1,"alexscaves:spawn_egg_watcher":63,"minecraft:oak_trapdoor":1,"minecraft:moss_carpet":19,"minecraft:iron_axe":4,"minecraft:item_frame":5,"minecraft:blackstone":8,"minecraft:cyan_carpet":4,"minecraft:dark_prismarine_stairs":1,"minecraft:beef":5,"minecraft:oak_boat":1,"minecraft:player_head":4,"minecraft:spruce_slab":25,"minecraft:tinted_glass":67,"minecraft:sugar_cane":19,"minecraft:egg":27,"minecraft:spruce_trapdoor":3,"minecraft:raw_iron":58,"minecraft:sandstone":15,"minecraft:glow_item_frame":3,"minecraft:note_block":6,"minecraft:redstone":10,"minecraft:purple_terracotta":3,"minecraft:jungle_sign":1,"minecraft:dark_oak_planks":117,"minecraft:tnt":2,"minecraft:arrow":33,"minecraft:diamond_chestplate":1,"minecraft:peony":4,"minecraft:diamond_boots":2,"minecraft:hay_block":9,"minecraft:waxed_oxidized_cut_copper_stairs":2,"minecraft:pink_tulip":1,"minecraft:saddle":3,"minecraft:gold_ingot":2,"minecraft:brick_stairs":4,"minecraft:glow_berries":11,"minecraft:mutton":3,"minecraft:rail":7,"minecraft:white_wool":7,"minecraft:stripped_oak_log":1,"minecraft:mud_bricks":103,"minecraft:clock":1,"minecraft:glow_ink_sac":2,"minecraft:tripwire_hook":2,"minecraft:leather":7,"minecraft:birch_planks":10,"minecraft:packed_mud":52,"minecraft:oak_log":65,"minecraft:lily_pad":12,"minecraft:gunpowder":10,"minecraft:cooked_mutton":9,"minecraft:red_carpet":8,"minecraft:light_blue_banner":1,"minecraft:gray_carpet":17,"minecraft:kelp":3,"alexscaves:cooked_dinosaur_chop":2,"minecraft:acacia_trapdoor":3,"minecraft:iron_ingot":121,"minecraft:stone_pickaxe":3,"minecraft:cooked_chicken":1,"alexscaves:spawn_egg_vesper":64,"minecraft:iron_sword":1,"minecraft:flowering_azalea":4,"minecraft:dark_oak_stairs":9,"minecraft:book":233,"minecraft:scaffolding":11,"minecraft:oak_slab":1,"minecraft:dark_oak_slab":2,"minecraft:emerald_block":4,"minecraft:crimson_stairs":1,"minecraft:mud_brick_wall":1,"minecraft:green_carpet":3,"minecraft:spider_eye":3,"minecraft:oak_wood":6,"minecraft:pumpkin_seeds":2,"minecraft:stone_axe":1,"minecraft:waxed_oxidized_cut_copper_slab":5,"minecraft:acacia_slab":4,"minecraft:coal":112},"minecraft:used":{"minecraft:spruce_slab":1,"minecraft:shield":19,"minecraft:player_head":1,"minecraft:packed_mud":17,"minecraft:bow":1,"minecraft:dark_oak_boat":7,"minecraft:furnace":9,"minecraft:egg":27,"minecraft:stone_pickaxe":70,"minecraft:oak_planks":144,"minecraft:wooden_pickaxe":43,"minecraft:diamond_axe":439,"minecraft:cookie":2,"minecraft:golden_apple":20,"minecraft:glow_berries":22,"minecraft:sand":10,"minecraft:crossbow":5,"minecraft:black_terracotta":2,"minecraft:bread":6,"minecraft:diamond_sword":197,"minecraft:cooked_rabbit":2,"minecraft:birch_log":1,"minecraft:oak_boat":3,"alexscaves:spawn_egg_watcher":1,"minecraft:tropical_fish":1,"minecraft:spruce_planks":1,"minecraft:wooden_shovel":7,"minecraft:cooked_chicken":1,"minecraft:torch":171,"minecraft:dirt":8,"minecraft:spruce_stairs":2,"minecraft:oak_wood":6,"minecraft:granite":26,"minecraft:dark_oak_planks":41,"minecraft:wooden_axe":31,"minecraft:waxed_cut_copper":13,"minecraft:iron_axe":355,"minecraft:iron_boots":1,"minecraft:mud_bricks":69,"minecraft:beef":3,"minecraft:cooked_beef":5,"minecraft:cobbled_deepslate":1,"minecraft:cooked_mutton":5,"minecraft:acacia_boat":1,"minecraft:birch_planks":89,"minecraft:baked_potato":2,"minecraft:waxed_oxidized_cut_copper":3,"minecraft:crafting_table":18,"minecraft:dark_prismarine":15,"minecraft:ender_eye":2,"minecraft:diamond_pickaxe":687,"minecraft:apple":10,"minecraft:iron_pickaxe":227,"minecraft:spruce_pressure_plate":2,"minecraft:spruce_trapdoor":2,"minecraft:stone_axe":32,"minecraft:green_carpet":1,"minecraft:cobblestone":123,"minecraft:porkchop":1,"minecraft:cooked_porkchop":11,"minecraft:stripped_oak_log":1,"alexscaves:cooked_dinosaur_chop":2,"minecraft:splash_potion":9},"minecraft:killed_by":{"minecraft:wither_skeleton":4,"minecraft:creeper":2,"minecraft:drowned":1,"minecraft:zombie":3,"alexscaves:tremorsaurus":7,"minecraft:player":7,"minecraft:enderman":1,"alexscaves:vallumraptor":2,"minecraft:skeleton":6,"alexscaves:watcher":1},"minecraft:custom":{"minecraft:interact_with_crafting_table":40,"minecraft:open_barrel":43,"minecraft:eat_cake_slice":3,"minecraft:leave_game":9,"minecraft:time_since_death":22326,"minecraft:sprint_one_cm":363967,"minecraft:damage_blocked_by_shield":990,"minecraft:drop":451,"minecraft:play_noteblock":8,"minecraft:play_time":345723,"minecraft:deaths":39,"minecraft:jump":2037,"minecraft:interact_with_brewingstand":3,"minecraft:walk_on_water_one_cm":96350,"minecraft:interact_with_furnace":39,"minecraft:sleep_in_bed":1,"minecraft:open_enderchest":2,"minecraft:damage_dealt":21617,"minecraft:player_kills":9,"minecraft:crouch_one_cm":67097,"minecraft:interact_with_smoker":8,"minecraft:inspect_dispenser":8,"minecraft:interact_with_smithing_table":4,"minecraft:interact_with_anvil":3,"minecraft:mob_kills":89,"minecraft:inspect_hopper":2,"minecraft:climb_one_cm":24853,"minecraft:walk_one_cm":886799,"minecraft:sneak_time":25645,"minecraft:walk_under_water_one_cm":110349,"minecraft:boat_one_cm":540426,"minecraft:interact_with_blast_furnace":5,"minecraft:total_world_time":345723,"minecraft:tune_noteblock":14,"minecraft:time_since_rest":8298,"minecraft:damage_taken":18689,"minecraft:damage_absorbed":579,"minecraft:swim_one_cm":1051,"minecraft:fly_one_cm":203421,"minecraft:open_chest":139,"minecraft:fall_one_cm":107548},"minecraft:broken":{"minecraft:iron_axe":1},"minecraft:mined":{"minecraft:dark_oak_planks":57,"minecraft:waxed_cut_copper_slab":6,"minecraft:dark_prismarine_stairs":5,"minecraft:spruce_planks":33,"minecraft:black_terracotta":64,"minecraft:jungle_slab":2,"minecraft:brewing_stand":2,"minecraft:spruce_trapdoor":3,"minecraft:cave_vines_plant":32,"minecraft:granite":5,"minecraft:grass_block":6,"minecraft:cracked_polished_blackstone_bricks":1,"minecraft:oak_pressure_plate":1,"minecraft:mud_bricks":106,"minecraft:mud_brick_wall":1,"minecraft:hopper":2,"minecraft:oxeye_daisy":1,"minecraft:spawner":10,"minecraft:polished_blackstone_bricks":1,"minecraft:magma_block":1,"minecraft:dark_oak_trapdoor":5,"minecraft:iron_ore":36,"minecraft:barrel":3,"minecraft:sticky_piston":1,"minecraft:moss_carpet":4,"minecraft:deepslate_lapis_ore":5,"minecraft:dark_oak_stairs":7,"minecraft:cave_vines":68,"minecraft:flowering_azalea_leaves":3,"minecraft:quartz_slab":1,"minecraft:azalea":4,"minecraft:iron_block":1,"minecraft:player_head":1,"minecraft:spruce_slab":14,"minecraft:waxed_cut_copper_stairs":16,"minecraft:waxed_cut_copper":20,"minecraft:polished_blackstone_wall":1,"minecraft:blackstone":5,"minecraft:kelp_plant":1,"minecraft:polished_deepslate_stairs":2,"minecraft:player_wall_head":1,"minecraft:clay":3,"minecraft:torch":2,"minecraft:note_block":5,"minecraft:mud_brick_stairs":3,"minecraft:poppy":2,"minecraft:cobblestone":16,"minecraft:oak_planks":12,"minecraft:sugar_cane":2,"minecraft:bricks":4,"minecraft:light_blue_banner":1,"minecraft:wall_torch":7,"minecraft:amethyst_block":1,"minecraft:cauldron":1,"minecraft:repeater":1,"minecraft:dark_oak_slab":2,"minecraft:tinted_glass":69,"minecraft:birch_log":76,"minecraft:waxed_oxidized_cut_copper_stairs":2,"minecraft:lilac":13,"minecraft:jukebox":1,"minecraft:tnt":1,"minecraft:black_bed":1,"minecraft:grass":40,"minecraft:oak_log":66,"minecraft:acacia_fence":5,"minecraft:birch_button":1,"minecraft:sand":30,"minecraft:dirt":14,"minecraft:crimson_planks":12,"minecraft:tripwire_hook":2,"minecraft:cyan_candle":1,"minecraft:oak_leaves":12,"minecraft:deepslate":42,"minecraft:dark_prismarine":5,"minecraft:tuff":5,"minecraft:dark_oak_leaves":2,"minecraft:blackstone_wall":2,"minecraft:dark_oak_log":30,"minecraft:cyan_stained_glass":1,"gravestone:gravestone":22,"minecraft:lever":1,"minecraft:glow_lichen":1,"minecraft:dark_oak_fence":3,"minecraft:purple_terracotta":1,"minecraft:allium":3,"minecraft:jungle_planks":10,"minecraft:stripped_jungle_wood":4,"minecraft:brick_stairs":4,"minecraft:redstone_wire":4,"minecraft:acacia_slab":3,"minecraft:moss_block":36,"minecraft:kelp":1,"minecraft:sandstone":2,"minecraft:waxed_oxidized_cut_copper":34,"minecraft:packed_mud":47,"minecraft:furnace":7,"minecraft:acacia_trapdoor":5,"minecraft:polished_blackstone_button":2,"minecraft:waxed_oxidized_cut_copper_slab":5,"minecraft:andesite":7,"minecraft:big_dripleaf_stem":1,"minecraft:peony":6,"minecraft:polished_deepslate":9,"minecraft:bookshelf":55,"minecraft:shroomlight":1,"minecraft:deepslate_iron_ore":27,"minecraft:stripped_oak_log":1,"minecraft:stripped_acacia_log":1,"minecraft:stripped_jungle_log":1,"minecraft:warped_trapdoor":3,"minecraft:stone":301,"minecraft:ender_chest":1,"minecraft:mud_brick_slab":13,"minecraft:oak_slab":2,"minecraft:scaffolding":7,"minecraft:flowering_azalea":4,"minecraft:comparator":2,"minecraft:brick_wall":3,"alexscaves:cooked_dinosaur_chop":1,"minecraft:observer":1,"minecraft:dandelion":3,"minecraft:oak_fence":3,"minecraft:crafting_table":14,"minecraft:cornflower":1,"minecraft:cyan_stained_glass_pane":5,"minecraft:spruce_button":1,"minecraft:blackstone_slab":4,"minecraft:oak_wood":8,"minecraft:rose_bush":7,"minecraft:lightning_rod":2,"minecraft:tall_grass":10,"minecraft:lapis_ore":3,"minecraft:diorite":7,"minecraft:big_dripleaf":2,"minecraft:spruce_stairs":5,"minecraft:birch_planks":7,"minecraft:sea_pickle":1,"minecraft:birch_leaves":4,"minecraft:dark_prismarine_slab":1,"minecraft:coal_ore":16,"minecraft:gravel":2,"minecraft:cobweb":5,"minecraft:acacia_planks":8,"minecraft:gold_ore":1,"minecraft:waxed_exposed_cut_copper":8,"minecraft:iron_trapdoor":1,"minecraft:jungle_wall_sign":3},"minecraft:dropped":{"minecraft:moss_block":28,"minecraft:birch_planks":89,"minecraft:dark_oak_stairs":11,"minecraft:diamond_axe":1,"minecraft:lapis_lazuli":22,"minecraft:oak_pressure_plate":1,"minecraft:mud_brick_slab":7,"minecraft:diamond":33,"minecraft:crafting_table":2,"minecraft:cooked_porkchop":1,"minecraft:lantern":7,"minecraft:dark_oak_button":2,"minecraft:saddle":2,"minecraft:red_carpet":8,"minecraft:item_frame":5,"minecraft:cracked_polished_blackstone_bricks":1,"minecraft:packed_mud":2,"minecraft:dirt":9,"minecraft:black_stained_glass_pane":1,"minecraft:dark_oak_trapdoor":5,"gravestone:obituary":40,"minecraft:jungle_sign":1,"minecraft:sand":140,"minecraft:iron_pickaxe":2,"minecraft:dark_oak_planks":50,"minecraft:light_blue_banner":1,"minecraft:cyan_carpet":4,"minecraft:gold_ingot":33,"minecraft:bone":8,"minecraft:waxed_cut_copper_slab":2,"minecraft:note_block":5,"minecraft:stone_axe":4,"minecraft:lever":16,"minecraft:goat_horn":1,"minecraft:waxed_cut_copper_stairs":2,"minecraft:compass":1,"minecraft:sugar_cane":2,"minecraft:iron_nugget":30,"minecraft:tinted_glass":62,"minecraft:black_terracotta":33,"minecraft:rotten_flesh":31,"minecraft:oak_planks":38,"minecraft:light_gray_carpet":4,"minecraft:waxed_oxidized_cut_copper_slab":2,"minecraft:turtle_helmet":1,"minecraft:gunpowder":4,"minecraft:stone_brick_wall":1,"minecraft:azalea":2,"minecraft:spruce_slab":24,"minecraft:arrow":2,"minecraft:acacia_fence":2,"minecraft:splash_potion":2,"minecraft:purple_carpet":1,"minecraft:crimson_planks":7,"minecraft:iron_ingot":87,"minecraft:purple_terracotta":3,"minecraft:oak_slab":1,"minecraft:wheat_seeds":4,"minecraft:lilac":2,"minecraft:tnt":2,"minecraft:waxed_oxidized_cut_copper_stairs":2,"minecraft:cobblestone":1,"minecraft:iron_helmet":1,"minecraft:dark_prismarine_slab":1,"minecraft:book":47,"minecraft:granite":1,"minecraft:spruce_stairs":2,"minecraft:acacia_trapdoor":3,"minecraft:coal":7,"minecraft:stick":30,"minecraft:warped_trapdoor":1,"minecraft:iron_block":7,"minecraft:crimson_stairs":1,"minecraft:diorite":7,"minecraft:iron_trapdoor":1,"minecraft:brewing_stand":2,"minecraft:torch":5,"minecraft:blackstone_wall":3,"minecraft:wooden_axe":3,"minecraft:rose_bush":3,"minecraft:mud_brick_stairs":1,"minecraft:iron_leggings":3,"minecraft:green_carpet":1,"minecraft:iron_axe":2,"minecraft:chainmail_leggings":1,"minecraft:string":11,"minecraft:lily_pad":12,"minecraft:tripwire_hook":2,"minecraft:gray_carpet":16,"minecraft:redstone_block":5,"minecraft:polished_deepslate":4,"minecraft:redstone":5,"minecraft:pink_tulip":1,"minecraft:furnace":1,"minecraft:moss_carpet":18,"minecraft:player_head":3,"minecraft:dark_prismarine_stairs":1,"minecraft:jukebox":1,"minecraft:tuff":3,"minecraft:iron_boots":2,"minecraft:comparator":2,"minecraft:waxed_exposed_cut_copper":1,"minecraft:pumpkin_seeds":2,"minecraft:lightning_rod":1,"minecraft:diamond_sword":3,"minecraft:big_dripleaf":4,"minecraft:shroomlight":1,"minecraft:mud_bricks":41,"minecraft:shield":2,"alexscaves:heavy_bone":2,"minecraft:waxed_cut_copper":7,"minecraft:peony":3,"minecraft:spruce_planks":8,"minecraft:iron_chestplate":3,"minecraft:diamond_pickaxe":1,"minecraft:andesite":9,"minecraft:oak_sapling":2,"minecraft:waxed_oxidized_cut_copper":13,"minecraft:wooden_shovel":1,"minecraft:spider_eye":1,"minecraft:diamond_boots":1,"minecraft:spruce_log":2,"minecraft:sandstone":13,"minecraft:bow":1,"minecraft:stone_pickaxe":1,"minecraft:wooden_pickaxe":3,"minecraft:raw_gold":2,"minecraft:magma_block":2}},"DataVersion":3465}