{"stats":{"minecraft:crafted":{"minecraft:oak_planks":164,"minecraft:dark_oak_boat":4,"minecraft:spruce_pressure_plate":2,"minecraft:diamond_helmet":2,"minecraft:diamond_leggings":1,"minecraft:iron_boots":1,"minecraft:chest":2,"minecraft:wooden_shovel":2,"minecraft:emerald":66,"minecraft:cooked_porkchop":8,"minecraft:diamond_axe":2,"minecraft:crafting_table":12,"minecraft:wooden_pickaxe":3,"minecraft:iron_helmet":1,"minecraft:birch_planks":248,"minecraft:apple":40,"minecraft:iron_chestplate":1,"minecraft:diamond_pickaxe":3,"minecraft:shield":2,"minecraft:stick":176,"minecraft:iron_ingot":40,"minecraft:iron_pickaxe":1,"minecraft:iron_block":14,"minecraft:furnace":4,"minecraft:bone_meal":6,"minecraft:diamond":63,"minecraft:iron_axe":4,"minecraft:stone_pickaxe":4,"minecraft:diamond_boots":2,"minecraft:redstone_block":4,"minecraft:dark_oak_planks":100,"minecraft:wheat":252,"minecraft:cooked_beef":5,"minecraft:stone_axe":4,"minecraft:bread":18,"minecraft:acacia_boat":1,"minecraft:air":0,"minecraft:oak_boat":2,"minecraft:wooden_axe":3,"minecraft:iron_leggings":1,"minecraft:acacia_planks":96,"minecraft:torch":268,"minecraft:diamond_chestplate":1},"minecraft:killed":{"minecraft:witch":1,"minecraft:spider":5,"minecraft:skeleton":23,"minecraft:chicken":5,"minecraft:silverfish":1,"minecraft:pig":6,"minecraft:creeper":6,"minecraft:sheep":11,"minecraft:pillager":7,"minecraft:zombie":24,"minecraft:donkey":1,"minecraft:cow":2,"alexscaves:tremorsaurus":1,"minecraft:vindicator":4,"minecraft:husk":2,"minecraft:ravager":7},"minecraft:picked_up":{"minecraft:wooden_axe":2,"minecraft:iron_chestplate":1,"minecraft:wheat":3,"minecraft:redstone_block":1,"minecraft:iron_trapdoor":1,"minecraft:smithing_table":2,"minecraft:lead":1,"minecraft:diamond_sword":9,"minecraft:potion":1,"minecraft:golden_shovel":1,"minecraft:crimson_planks":14,"minecraft:brewing_stand":4,"minecraft:amethyst_block":1,"minecraft:polished_deepslate":4,"minecraft:string":10,"minecraft:dark_oak_trapdoor":16,"minecraft:waxed_cut_copper_slab":11,"minecraft:iron_leggings":3,"minecraft:purple_banner":1,"minecraft:shroomlight":1,"minecraft:sea_pickle":2,"minecraft:diamond_leggings":1,"minecraft:cobbled_deepslate":38,"minecraft:comparator":2,"minecraft:spruce_planks":24,"minecraft:waxed_exposed_cut_copper":9,"minecraft:rose_bush":10,"minecraft:calcite":9,"minecraft:ender_eye":2,"minecraft:azalea":7,"minecraft:iron_pickaxe":8,"minecraft:coal_block":2,"minecraft:melon_slice":53,"minecraft:smooth_quartz_stairs":1,"minecraft:iron_boots":2,"minecraft:furnace":6,"minecraft:stick":17,"minecraft:acacia_fence":7,"minecraft:jukebox":2,"minecraft:big_dripleaf":9,"minecraft:acacia_log":19,"minecraft:oak_fence":5,"minecraft:brick_wall":3,"minecraft:torch":114,"minecraft:spruce_stairs":4,"alexscaves:heavy_bone":2,"minecraft:porkchop":20,"minecraft:lightning_rod":3,"minecraft:pointed_dripstone":3,"minecraft:diorite":9,"minecraft:goat_horn":1,"minecraft:brown_carpet":2,"minecraft:yellow_banner":1,"minecraft:waxed_cut_copper_stairs":12,"minecraft:stone_sword":1,"minecraft:rotten_flesh":105,"minecraft:tropical_fish":2,"minecraft:blackstone_wall":3,"minecraft:waxed_cut_copper":21,"minecraft:obsidian":8,"minecraft:cobblestone":307,"minecraft:birch_log":107,"minecraft:magma_block":2,"minecraft:cooked_beef":9,"minecraft:feather":9,"minecraft:lilac":4,"minecraft:water_bucket":1,"minecraft:andesite":12,"minecraft:black_bed":1,"minecraft:dark_oak_boat":4,"minecraft:mud_brick_stairs":2,"minecraft:tuff":3,"minecraft:warped_trapdoor":1,"minecraft:acacia_boat":2,"minecraft:lapis_lazuli":49,"minecraft:dirt":25,"minecraft:lantern":17,"minecraft:purple_carpet":1,"minecraft:bone":61,"minecraft:acacia_planks":13,"minecraft:bow":1,"minecraft:wheat_seeds":17,"minecraft:raw_gold":2,"minecraft:grindstone":1,"minecraft:diamond_helmet":2,"alexscaves:spawn_egg_forsaken":64,"minecraft:moss_block":36,"minecraft:oak_planks":190,"minecraft:black_terracotta":46,"minecraft:cooked_porkchop":9,"minecraft:stripped_acacia_wood":2,"minecraft:oak_pressure_plate":1,"minecraft:black_stained_glass_pane":2,"minecraft:sand":115,"minecraft:jungle_planks":9,"minecraft:nether_brick_stairs":7,"minecraft:loom":3,"minecraft:cyan_bed":2,"minecraft:dark_oak_log":41,"minecraft:barrel":4,"minecraft:dark_prismarine":15,"minecraft:stripped_acacia_log":1,"minecraft:dark_prismarine_slab":4,"minecraft:slime_block":1,"minecraft:soul_lantern":1,"minecraft:diamond":38,"minecraft:lever":17,"minecraft:cracked_polished_blackstone_bricks":1,"minecraft:crossbow":1,"minecraft:granite":27,"minecraft:golden_apple":30,"minecraft:emerald":57,"minecraft:bread":50,"minecraft:blue_banner":1,"minecraft:bricks":4,"minecraft:oak_sapling":5,"minecraft:light_gray_carpet":7,"minecraft:dark_oak_fence":2,"minecraft:diamond_pickaxe":3,"minecraft:ladder":5,"minecraft:mud_brick_slab":22,"minecraft:waxed_oxidized_cut_copper":17,"minecraft:crafting_table":13,"minecraft:allium":2,"minecraft:splash_potion":2,"minecraft:clay_ball":12,"minecraft:turtle_helmet":1,"minecraft:chest_minecart":1,"minecraft:redstone_lamp":6,"minecraft:brown_mushroom":11,"minecraft:wooden_pickaxe":5,"minecraft:stone_brick_wall":1,"minecraft:cooked_rabbit":2,"minecraft:gold_block":1,"gravestone:obituary":35,"minecraft:shield":1,"alexscaves:spawn_egg_watcher":63,"minecraft:oak_trapdoor":1,"minecraft:moss_carpet":19,"minecraft:iron_axe":4,"minecraft:netherite_scrap":10,"minecraft:item_frame":5,"minecraft:blackstone":8,"minecraft:cyan_carpet":4,"minecraft:cartography_table":1,"minecraft:dark_prismarine_stairs":7,"minecraft:beef":5,"minecraft:birch_sapling":3,"minecraft:oak_boat":1,"minecraft:player_head":6,"minecraft:poppy":2,"minecraft:spruce_slab":25,"minecraft:tinted_glass":67,"minecraft:sugar_cane":19,"minecraft:egg":27,"minecraft:spruce_trapdoor":6,"minecraft:stripped_mangrove_wood":4,"minecraft:raw_iron":58,"minecraft:sandstone":15,"minecraft:glow_item_frame":3,"minecraft:note_block":6,"minecraft:carrot":3,"minecraft:redstone":30,"minecraft:purple_terracotta":3,"minecraft:jungle_sign":1,"minecraft:dark_oak_planks":152,"minecraft:tnt":2,"minecraft:arrow":48,"minecraft:diamond_chestplate":2,"minecraft:pumpkin_pie":12,"minecraft:peony":4,"minecraft:diamond_boots":2,"minecraft:hay_block":73,"minecraft:waxed_oxidized_cut_copper_stairs":8,"minecraft:stripped_dark_oak_wood":1,"minecraft:pink_tulip":1,"minecraft:saddle":4,"minecraft:gold_ingot":2,"minecraft:brick_stairs":4,"minecraft:glow_berries":15,"minecraft:mutton":3,"minecraft:rail":9,"minecraft:white_wool":11,"minecraft:stripped_oak_log":1,"minecraft:golden_carrot":5,"minecraft:mud_bricks":130,"minecraft:clock":2,"minecraft:glow_ink_sac":2,"minecraft:tripwire_hook":3,"minecraft:leather":13,"minecraft:acacia_wood":1,"minecraft:birch_planks":11,"minecraft:packed_mud":71,"minecraft:oak_log":201,"minecraft:lily_pad":12,"minecraft:gunpowder":12,"minecraft:cooked_mutton":15,"minecraft:red_carpet":34,"minecraft:light_blue_banner":1,"minecraft:gray_carpet":29,"minecraft:kelp":3,"alexscaves:cooked_dinosaur_chop":2,"minecraft:acacia_trapdoor":3,"minecraft:iron_ingot":121,"minecraft:stone_pickaxe":3,"minecraft:cooked_chicken":6,"alexscaves:spawn_egg_vesper":64,"minecraft:iron_sword":1,"minecraft:flowering_azalea":4,"minecraft:dark_oak_stairs":11,"minecraft:pumpkin":5,"minecraft:book":239,"minecraft:scaffolding":14,"minecraft:oak_slab":1,"minecraft:dark_oak_slab":2,"minecraft:emerald_block":4,"minecraft:dandelion":1,"minecraft:raw_iron_block":9,"minecraft:crimson_stairs":1,"minecraft:mud_brick_wall":1,"minecraft:nether_brick_slab":5,"minecraft:green_carpet":3,"minecraft:spider_eye":11,"minecraft:oak_wood":6,"minecraft:pumpkin_seeds":2,"minecraft:stone_axe":4,"minecraft:baked_potato":1,"minecraft:lodestone":1,"minecraft:waxed_oxidized_cut_copper_slab":5,"minecraft:stripped_dark_oak_log":2,"minecraft:black_wool":1,"minecraft:acacia_slab":4,"minecraft:coal":258,"minecraft:sunflower":2},"minecraft:used":{"minecraft:spruce_slab":1,"minecraft:chest":1,"minecraft:shield":29,"minecraft:player_head":1,"minecraft:packed_mud":17,"minecraft:bow":1,"minecraft:dark_oak_boat":7,"minecraft:furnace":9,"minecraft:egg":27,"minecraft:diorite":1,"minecraft:stone_pickaxe":70,"minecraft:oak_planks":144,"minecraft:wooden_pickaxe":43,"minecraft:diamond_axe":439,"minecraft:cookie":2,"minecraft:golden_apple":24,"minecraft:glow_berries":25,"minecraft:sand":10,"minecraft:crossbow":5,"minecraft:black_terracotta":2,"minecraft:bread":8,"minecraft:coal_block":1,"minecraft:diamond_sword":428,"minecraft:andesite":2,"minecraft:smithing_table":1,"minecraft:cooked_rabbit":2,"minecraft:birch_log":1,"minecraft:oak_boat":3,"alexscaves:spawn_egg_watcher":1,"minecraft:tropical_fish":1,"minecraft:spruce_planks":1,"minecraft:wooden_shovel":7,"minecraft:cooked_chicken":1,"minecraft:torch":337,"minecraft:dirt":8,"minecraft:spruce_stairs":2,"minecraft:oak_wood":6,"minecraft:granite":26,"minecraft:dark_oak_planks":41,"minecraft:wooden_axe":31,"minecraft:waxed_cut_copper":13,"minecraft:iron_axe":562,"minecraft:iron_boots":1,"minecraft:mud_bricks":69,"minecraft:beef":3,"minecraft:acacia_planks":33,"minecraft:cooked_beef":5,"minecraft:cobbled_deepslate":1,"minecraft:cooked_mutton":5,"minecraft:acacia_boat":2,"minecraft:birch_planks":89,"minecraft:baked_potato":35,"minecraft:waxed_oxidized_cut_copper":3,"minecraft:crafting_table":19,"minecraft:dark_prismarine":15,"minecraft:ender_eye":2,"minecraft:diamond_pickaxe":687,"minecraft:apple":10,"minecraft:iron_pickaxe":517,"minecraft:spruce_pressure_plate":2,"minecraft:spruce_trapdoor":2,"minecraft:stone_axe":119,"minecraft:green_carpet":1,"minecraft:cobblestone":138,"minecraft:porkchop":1,"minecraft:cooked_porkchop":11,"minecraft:stripped_oak_log":1,"alexscaves:cooked_dinosaur_chop":2,"minecraft:splash_potion":9},"minecraft:killed_by":{"minecraft:wither_skeleton":4,"minecraft:creeper":3,"minecraft:ravager":1,"minecraft:drowned":1,"cataclysm:deepling":1,"minecraft:zombie":5,"minecraft:husk":8,"alexscaves:tremorsaurus":7,"minecraft:player":8,"minecraft:enderman":1,"alexscaves:vallumraptor":2,"minecraft:skeleton":13,"alexscaves:watcher":1},"minecraft:custom":{"minecraft:interact_with_crafting_table":54,"minecraft:open_barrel":60,"minecraft:eat_cake_slice":3,"minecraft:leave_game":9,"minecraft:time_since_death":25897,"minecraft:sprint_one_cm":532749,"minecraft:damage_blocked_by_shield":1920,"minecraft:drop":719,"minecraft:play_noteblock":11,"minecraft:talked_to_villager":25,"minecraft:play_time":477723,"minecraft:deaths":60,"minecraft:jump":2841,"minecraft:interact_with_brewingstand":6,"minecraft:enchant_item":2,"minecraft:walk_on_water_one_cm":106284,"minecraft:interact_with_furnace":39,"minecraft:traded_with_villager":25,"minecraft:interact_with_cartography_table":2,"minecraft:interact_with_loom":4,"minecraft:sleep_in_bed":4,"minecraft:open_enderchest":9,"minecraft:damage_dealt":28289,"minecraft:player_kills":9,"minecraft:crouch_one_cm":78594,"minecraft:interact_with_smoker":10,"minecraft:inspect_dispenser":9,"minecraft:interact_with_smithing_table":10,"minecraft:interact_with_anvil":5,"minecraft:mob_kills":130,"minecraft:inspect_hopper":2,"minecraft:climb_one_cm":28857,"minecraft:walk_one_cm":1322796,"minecraft:sneak_time":30173,"minecraft:walk_under_water_one_cm":122252,"minecraft:boat_one_cm":552622,"minecraft:interact_with_blast_furnace":5,"minecraft:total_world_time":477723,"minecraft:tune_noteblock":18,"minecraft:interact_with_grindstone":1,"minecraft:time_since_rest":23797,"minecraft:damage_taken":27075,"minecraft:damage_absorbed":662,"minecraft:swim_one_cm":1051,"minecraft:fly_one_cm":299392,"minecraft:open_chest":203,"minecraft:fall_one_cm":137970},"minecraft:broken":{"minecraft:iron_boots":1,"minecraft:shield":1,"minecraft:iron_axe":1,"minecraft:iron_helmet":1},"minecraft:mined":{"minecraft:dark_oak_planks":87,"minecraft:waxed_cut_copper_slab":8,"minecraft:dark_prismarine_stairs":5,"minecraft:spruce_planks":36,"minecraft:black_terracotta":69,"minecraft:jungle_slab":2,"minecraft:brewing_stand":4,"minecraft:spruce_trapdoor":5,"minecraft:cave_vines_plant":35,"minecraft:granite":5,"minecraft:stripped_crimson_hyphae":3,"minecraft:acacia_log":20,"minecraft:grass_block":9,"minecraft:cracked_polished_blackstone_bricks":1,"minecraft:oak_pressure_plate":1,"minecraft:coal_block":1,"minecraft:mud_bricks":135,"minecraft:mud_brick_wall":1,"minecraft:hopper":2,"minecraft:oxeye_daisy":1,"minecraft:spawner":16,"minecraft:polished_blackstone_bricks":1,"minecraft:magma_block":1,"minecraft:fire":7,"minecraft:dark_oak_trapdoor":6,"minecraft:iron_ore":36,"minecraft:barrel":3,"minecraft:sticky_piston":1,"minecraft:pumpkin":5,"minecraft:moss_carpet":4,"minecraft:deepslate_lapis_ore":5,"minecraft:stripped_dark_oak_wood":1,"minecraft:nether_brick_stairs":1,"minecraft:dark_oak_stairs":8,"minecraft:pointed_dripstone":1,"minecraft:cave_vines":70,"minecraft:flowering_azalea_leaves":3,"minecraft:quartz_slab":1,"minecraft:azalea":4,"minecraft:stripped_mangrove_wood":6,"minecraft:iron_block":1,"minecraft:player_head":2,"minecraft:spruce_slab":16,"minecraft:waxed_cut_copper_stairs":18,"minecraft:waxed_cut_copper":22,"minecraft:polished_blackstone_wall":1,"minecraft:blackstone":5,"minecraft:kelp_plant":1,"minecraft:polished_deepslate_stairs":2,"minecraft:player_wall_head":1,"minecraft:clay":3,"minecraft:torch":2,"minecraft:note_block":6,"minecraft:calcite":2,"minecraft:melon":11,"minecraft:mud_brick_stairs":3,"minecraft:poppy":4,"minecraft:nether_brick_slab":4,"minecraft:cobblestone":19,"minecraft:cyan_bed":2,"minecraft:grindstone":1,"minecraft:oak_planks":12,"minecraft:sugar_cane":2,"minecraft:bricks":4,"minecraft:light_blue_banner":1,"minecraft:wall_torch":8,"minecraft:amethyst_block":1,"minecraft:cauldron":1,"minecraft:repeater":1,"minecraft:dark_oak_slab":4,"minecraft:tinted_glass":73,"minecraft:birch_log":108,"minecraft:waxed_oxidized_cut_copper_stairs":3,"minecraft:lilac":13,"minecraft:jukebox":1,"minecraft:tnt":1,"minecraft:black_bed":1,"minecraft:grass":97,"minecraft:oak_log":205,"minecraft:acacia_fence":5,"minecraft:loom":1,"minecraft:birch_button":1,"minecraft:sand":30,"minecraft:dirt":15,"minecraft:crimson_planks":12,"minecraft:tripwire_hook":3,"minecraft:cyan_candle":1,"minecraft:oak_leaves":43,"minecraft:deepslate":42,"minecraft:yellow_wall_banner":1,"minecraft:dark_prismarine":5,"minecraft:tuff":5,"minecraft:dark_oak_leaves":2,"minecraft:blackstone_wall":2,"minecraft:dark_oak_log":30,"minecraft:cyan_stained_glass":1,"gravestone:gravestone":44,"minecraft:lever":1,"minecraft:glow_lichen":1,"minecraft:dark_oak_fence":3,"minecraft:purple_terracotta":1,"minecraft:allium":3,"minecraft:jungle_planks":10,"minecraft:stripped_jungle_wood":4,"minecraft:brick_stairs":4,"minecraft:redstone_wire":4,"minecraft:cartography_table":1,"minecraft:acacia_slab":3,"minecraft:moss_block":36,"minecraft:kelp":1,"minecraft:sandstone":2,"minecraft:hay_block":65,"minecraft:waxed_oxidized_cut_copper":42,"minecraft:packed_mud":59,"minecraft:furnace":7,"minecraft:acacia_trapdoor":6,"minecraft:polished_blackstone_button":2,"minecraft:waxed_oxidized_cut_copper_slab":5,"minecraft:acacia_wood":1,"minecraft:andesite":7,"minecraft:big_dripleaf_stem":1,"minecraft:peony":6,"minecraft:polished_deepslate":9,"minecraft:bookshelf":57,"minecraft:vine":1,"minecraft:shroomlight":1,"minecraft:deepslate_iron_ore":27,"minecraft:stripped_oak_log":1,"minecraft:stripped_acacia_log":1,"minecraft:stripped_jungle_log":1,"minecraft:warped_trapdoor":3,"minecraft:stone":340,"minecraft:ender_chest":1,"minecraft:smithing_table":2,"minecraft:mud_brick_slab":26,"minecraft:oak_slab":2,"minecraft:acacia_leaves":2,"minecraft:scaffolding":8,"minecraft:flowering_azalea":4,"minecraft:comparator":2,"minecraft:stripped_dark_oak_log":1,"minecraft:brick_wall":3,"alexscaves:cooked_dinosaur_chop":1,"minecraft:observer":1,"minecraft:dandelion":4,"minecraft:oak_fence":3,"minecraft:crafting_table":14,"minecraft:cornflower":1,"minecraft:cyan_stained_glass_pane":5,"minecraft:spruce_button":1,"minecraft:blackstone_slab":4,"minecraft:oak_wood":8,"minecraft:rose_bush":7,"minecraft:lightning_rod":4,"minecraft:tall_grass":37,"minecraft:lapis_ore":3,"minecraft:diorite":7,"minecraft:big_dripleaf":2,"minecraft:gray_wool":1,"minecraft:spruce_stairs":5,"minecraft:birch_planks":7,"minecraft:sea_pickle":1,"minecraft:birch_leaves":6,"minecraft:bee_nest":1,"minecraft:dark_prismarine_slab":1,"minecraft:coal_ore":143,"minecraft:sunflower":4,"minecraft:lodestone":1,"minecraft:gravel":2,"minecraft:gray_carpet":1,"minecraft:cobweb":5,"minecraft:acacia_planks":8,"minecraft:stripped_acacia_wood":2,"minecraft:gold_ore":1,"minecraft:waxed_exposed_cut_copper":12,"minecraft:iron_trapdoor":1,"minecraft:jungle_wall_sign":3},"minecraft:dropped":{"minecraft:moss_block":34,"minecraft:birch_planks":91,"minecraft:dark_oak_stairs":11,"minecraft:stripped_mangrove_wood":1,"minecraft:diamond_axe":1,"minecraft:lapis_lazuli":22,"minecraft:oak_pressure_plate":1,"minecraft:cooked_beef":1,"minecraft:mud_brick_slab":19,"minecraft:loom":3,"minecraft:diamond":33,"minecraft:crafting_table":2,"minecraft:cooked_porkchop":1,"minecraft:lantern":22,"minecraft:dark_oak_button":2,"minecraft:saddle":3,"minecraft:rail":2,"minecraft:flint":4,"minecraft:red_carpet":28,"minecraft:item_frame":5,"minecraft:cracked_polished_blackstone_bricks":1,"minecraft:packed_mud":19,"minecraft:dirt":9,"minecraft:black_stained_glass_pane":1,"minecraft:dark_oak_trapdoor":10,"minecraft:stripped_dark_oak_wood":1,"gravestone:obituary":58,"minecraft:pumpkin_pie":6,"minecraft:jungle_sign":1,"minecraft:sand":140,"minecraft:iron_pickaxe":4,"minecraft:dark_oak_planks":65,"minecraft:light_blue_banner":1,"minecraft:white_wool":4,"minecraft:cyan_carpet":4,"minecraft:gold_ingot":33,"minecraft:bone":32,"minecraft:waxed_cut_copper_slab":5,"minecraft:note_block":5,"minecraft:stone_axe":5,"minecraft:lever":17,"minecraft:goat_horn":1,"minecraft:waxed_cut_copper_stairs":7,"minecraft:compass":1,"minecraft:sugar_cane":2,"minecraft:iron_nugget":30,"minecraft:cobbled_deepslate":5,"minecraft:tinted_glass":62,"minecraft:stripped_dark_oak_log":2,"minecraft:soul_lantern":1,"minecraft:black_terracotta":42,"minecraft:rotten_flesh":57,"minecraft:oak_planks":38,"minecraft:light_gray_carpet":4,"minecraft:carrot":3,"minecraft:waxed_oxidized_cut_copper_slab":2,"minecraft:turtle_helmet":1,"minecraft:gunpowder":4,"minecraft:stone_brick_wall":1,"minecraft:ladder":2,"minecraft:azalea":2,"minecraft:yellow_banner":1,"minecraft:spruce_slab":24,"minecraft:arrow":10,"minecraft:scaffolding":3,"minecraft:acacia_fence":2,"minecraft:splash_potion":2,"minecraft:purple_carpet":1,"minecraft:crimson_planks":7,"minecraft:iron_ingot":87,"minecraft:purple_terracotta":3,"minecraft:oak_slab":1,"minecraft:wheat_seeds":4,"minecraft:lilac":2,"minecraft:tnt":2,"minecraft:lead":1,"minecraft:waxed_oxidized_cut_copper_stairs":8,"minecraft:cobblestone":7,"minecraft:iron_helmet":1,"minecraft:dark_prismarine_slab":1,"minecraft:book":47,"minecraft:granite":2,"minecraft:spruce_stairs":2,"minecraft:acacia_trapdoor":3,"minecraft:coal":7,"minecraft:coal_block":1,"minecraft:stick":37,"minecraft:warped_trapdoor":1,"minecraft:iron_block":7,"minecraft:crimson_stairs":1,"minecraft:diorite":8,"minecraft:iron_trapdoor":1,"minecraft:brewing_stand":2,"minecraft:torch":5,"minecraft:lodestone":1,"minecraft:blackstone_wall":3,"minecraft:wooden_axe":3,"minecraft:rose_bush":3,"minecraft:mud_brick_stairs":2,"minecraft:potion":2,"minecraft:iron_leggings":3,"minecraft:green_carpet":1,"minecraft:raw_iron_block":18,"minecraft:iron_axe":3,"minecraft:chainmail_leggings":1,"minecraft:string":13,"minecraft:lily_pad":12,"minecraft:tripwire_hook":3,"minecraft:gray_carpet":28,"minecraft:redstone_block":5,"minecraft:polished_deepslate":4,"minecraft:redstone":25,"minecraft:pink_tulip":1,"minecraft:nether_brick_slab":5,"minecraft:furnace":1,"minecraft:moss_carpet":18,"minecraft:player_head":4,"minecraft:dark_prismarine_stairs":7,"minecraft:jukebox":1,"minecraft:tuff":3,"minecraft:iron_boots":2,"minecraft:comparator":2,"minecraft:slime_block":1,"minecraft:stripped_acacia_wood":2,"minecraft:waxed_exposed_cut_copper":3,"minecraft:pumpkin_seeds":2,"minecraft:lightning_rod":3,"minecraft:diamond_sword":3,"minecraft:big_dripleaf":9,"minecraft:shroomlight":1,"minecraft:mud_bricks":68,"minecraft:shield":2,"minecraft:sea_pickle":2,"alexscaves:heavy_bone":2,"minecraft:waxed_cut_copper":15,"minecraft:peony":3,"minecraft:spruce_trapdoor":3,"minecraft:spruce_planks":9,"minecraft:iron_chestplate":3,"minecraft:diamond_pickaxe":1,"minecraft:andesite":9,"minecraft:oak_sapling":2,"minecraft:waxed_oxidized_cut_copper":13,"minecraft:wooden_shovel":1,"minecraft:spider_eye":3,"minecraft:diamond_boots":1,"minecraft:spruce_log":2,"minecraft:sandstone":13,"minecraft:bow":1,"minecraft:stone_pickaxe":1,"minecraft:wooden_pickaxe":4,"minecraft:raw_gold":2,"minecraft:calcite":3,"minecraft:magma_block":2,"minecraft:nether_brick_stairs":1}},"DataVersion":3465}