{"stats":{"minecraft:crafted":{"minecraft:diamond_helmet":3,"minecraft:diamond_leggings":2,"minecraft:wooden_shovel":2,"minecraft:emerald":66,"minecraft:cooked_porkchop":8,"minecraft:diamond_axe":5,"minecraft:iron_pickaxe":1,"minecraft:iron_block":14,"minecraft:bone_meal":6,"minecraft:diamond":153,"minecraft:stone_pickaxe":4,"minecraft:diamond_boots":3,"minecraft:redstone_block":4,"minecraft:dark_oak_planks":100,"minecraft:wheat":252,"minecraft:wooden_axe":3,"minecraft:iron_leggings":1,"minecraft:oak_planks":180,"minecraft:dark_oak_boat":4,"minecraft:spruce_pressure_plate":2,"minecraft:iron_boots":1,"minecraft:chest":2,"minecraft:crafting_table":13,"minecraft:wooden_pickaxe":3,"minecraft:iron_helmet":1,"minecraft:birch_planks":312,"minecraft:apple":40,"minecraft:iron_chestplate":1,"minecraft:diamond_pickaxe":3,"minecraft:shield":2,"minecraft:stick":192,"minecraft:iron_ingot":40,"minecraft:furnace":4,"minecraft:iron_axe":4,"minecraft:cooked_beef":5,"minecraft:diamond_sword":1,"minecraft:nether_bricks":1,"minecraft:stone_axe":4,"minecraft:acacia_boat":1,"minecraft:bread":18,"minecraft:air":0,"minecraft:oak_boat":2,"minecraft:acacia_planks":96,"minecraft:torch":268,"minecraft:diamond_chestplate":1},"minecraft:killed":{"minecraft:skeleton":23,"minecraft:chicken":76,"minecraft:pillager":7,"minecraft:donkey":1,"minecraft:zombie":24,"minecraft:cow":2,"minecraft:vindicator":4,"minecraft:husk":2,"minecraft:ravager":7,"minecraft:witch":1,"minecraft:spider":5,"minecraft:silverfish":1,"minecraft:piglin_brute":2,"minecraft:piglin":7,"minecraft:pig":6,"minecraft:creeper":6,"minecraft:sheep":68,"alexscaves:tremorsaurus":1,"minecraft:hoglin":6},"minecraft:picked_up":{"minecraft:wooden_axe":2,"minecraft:iron_chestplate":1,"minecraft:smithing_table":2,"minecraft:lead":1,"minecraft:diamond_sword":10,"minecraft:golden_shovel":1,"minecraft:brewing_stand":4,"minecraft:amethyst_block":1,"minecraft:polished_deepslate":4,"minecraft:string":10,"minecraft:dark_oak_trapdoor":16,"minecraft:shroomlight":2,"minecraft:diamond_leggings":1,"minecraft:gold_nugget":19,"minecraft:cobbled_deepslate":38,"minecraft:waxed_exposed_cut_copper":9,"minecraft:spruce_planks":24,"minecraft:melon_slice":53,"minecraft:coal_block":2,"minecraft:polished_blackstone_brick_slab":15,"minecraft:jukebox":2,"minecraft:big_dripleaf":9,"minecraft:brick_wall":3,"minecraft:acacia_log":19,"minecraft:lightning_rod":3,"minecraft:brown_carpet":2,"minecraft:waxed_cut_copper_stairs":12,"minecraft:yellow_banner":1,"minecraft:stone_sword":1,"minecraft:tropical_fish":2,"minecraft:blackstone_wall":3,"minecraft:waxed_cut_copper":21,"minecraft:birch_log":107,"minecraft:magma_block":2,"minecraft:feather":98,"minecraft:cooked_beef":9,"minecraft:water_bucket":1,"minecraft:dark_oak_boat":4,"minecraft:lantern":17,"minecraft:purple_carpet":1,"minecraft:diamond_helmet":2,"minecraft:moss_block":36,"minecraft:chiseled_polished_blackstone":1,"minecraft:stripped_acacia_wood":2,"minecraft:loom":3,"minecraft:dark_oak_log":41,"minecraft:barrel":4,"minecraft:stripped_acacia_log":1,"minecraft:lever":17,"minecraft:granite":27,"minecraft:bread":50,"minecraft:blue_banner":1,"minecraft:light_gray_carpet":7,"minecraft:dark_oak_fence":2,"minecraft:bricks":4,"minecraft:crimson_roots":9,"minecraft:diamond_pickaxe":6,"minecraft:crafting_table":14,"minecraft:clay_ball":12,"minecraft:redstone_lamp":6,"gravestone:obituary":44,"alexscaves:spawn_egg_watcher":63,"minecraft:netherite_scrap":10,"minecraft:cartography_table":1,"minecraft:beef":5,"minecraft:poppy":2,"minecraft:spruce_slab":25,"minecraft:birch_sapling":3,"minecraft:egg":119,"minecraft:sandstone":15,"minecraft:glow_item_frame":3,"minecraft:carrot":3,"minecraft:redstone":30,"minecraft:jungle_sign":1,"minecraft:tnt":2,"minecraft:diamond_chestplate":2,"minecraft:peony":4,"minecraft:diamond_boots":2,"minecraft:waxed_oxidized_cut_copper_stairs":8,"minecraft:hay_block":73,"minecraft:gold_ingot":2,"minecraft:polished_blackstone":20,"minecraft:glow_berries":15,"minecraft:mutton":75,"minecraft:white_wool":71,"minecraft:rail":9,"minecraft:stripped_oak_log":1,"minecraft:mud_bricks":130,"minecraft:clock":2,"minecraft:tripwire_hook":3,"minecraft:acacia_wood":1,"minecraft:packed_mud":71,"minecraft:oak_log":201,"minecraft:lily_pad":12,"minecraft:light_blue_banner":1,"minecraft:kelp":3,"alexscaves:cooked_dinosaur_chop":2,"minecraft:stone_pickaxe":3,"minecraft:glass_bottle":2,"alexscaves:spawn_egg_vesper":64,"minecraft:iron_sword":1,"minecraft:flowering_azalea":4,"minecraft:dark_oak_stairs":11,"minecraft:dark_oak_slab":2,"minecraft:crimson_stairs":1,"minecraft:oak_wood":6,"minecraft:stone_axe":4,"minecraft:polished_blackstone_brick_wall":1,"minecraft:lodestone":2,"minecraft:baked_potato":1,"minecraft:stripped_dark_oak_log":2,"minecraft:crimson_nylium":23,"minecraft:wheat":3,"minecraft:redstone_block":1,"minecraft:iron_trapdoor":1,"minecraft:potion":1,"minecraft:gilded_blackstone":11,"minecraft:crimson_planks":14,"minecraft:waxed_cut_copper_slab":11,"minecraft:iron_leggings":3,"minecraft:purple_banner":1,"minecraft:sea_pickle":2,"minecraft:comparator":2,"minecraft:rose_bush":10,"minecraft:ender_eye":2,"minecraft:calcite":9,"minecraft:azalea":7,"minecraft:iron_pickaxe":8,"minecraft:smooth_quartz_stairs":1,"minecraft:furnace":6,"minecraft:iron_boots":3,"minecraft:stick":17,"minecraft:acacia_fence":7,"minecraft:oak_fence":5,"minecraft:torch":114,"minecraft:spruce_stairs":4,"alexscaves:heavy_bone":2,"minecraft:porkchop":20,"minecraft:diorite":9,"minecraft:pointed_dripstone":3,"minecraft:goat_horn":1,"minecraft:rotten_flesh":105,"minecraft:obsidian":9,"minecraft:cobblestone":308,"minecraft:lilac":4,"minecraft:andesite":12,"minecraft:black_bed":1,"minecraft:mud_brick_stairs":2,"minecraft:tuff":3,"minecraft:warped_trapdoor":1,"minecraft:acacia_boat":2,"minecraft:lapis_lazuli":49,"minecraft:dirt":149,"minecraft:bone":64,"minecraft:acacia_planks":13,"minecraft:bow":1,"minecraft:wheat_seeds":20,"minecraft:raw_gold":2,"minecraft:grindstone":1,"alexscaves:spawn_egg_forsaken":64,"minecraft:oak_planks":190,"minecraft:black_terracotta":46,"minecraft:cooked_porkchop":21,"minecraft:oak_pressure_plate":1,"minecraft:polished_blackstone_slab":1,"minecraft:jungle_planks":9,"minecraft:black_stained_glass_pane":2,"minecraft:sand":116,"minecraft:nether_brick_stairs":7,"minecraft:cyan_bed":2,"minecraft:dark_prismarine":15,"minecraft:dark_prismarine_slab":4,"minecraft:diamond":38,"minecraft:slime_block":1,"minecraft:soul_lantern":1,"minecraft:cracked_polished_blackstone_bricks":18,"minecraft:crossbow":1,"minecraft:golden_apple":30,"minecraft:emerald":57,"minecraft:oak_sapling":5,"minecraft:netherrack":142,"minecraft:waxed_oxidized_cut_copper":17,"minecraft:mud_brick_slab":22,"minecraft:allium":2,"minecraft:chicken":45,"minecraft:splash_potion":2,"minecraft:ladder":5,"minecraft:chest_minecart":1,"minecraft:turtle_helmet":1,"minecraft:brown_mushroom":11,"minecraft:cooked_rabbit":2,"minecraft:wooden_pickaxe":5,"minecraft:stone_brick_wall":1,"minecraft:gold_block":2,"minecraft:chain":1,"minecraft:shield":4,"minecraft:moss_carpet":19,"minecraft:oak_trapdoor":1,"minecraft:iron_axe":4,"minecraft:item_frame":5,"minecraft:cyan_carpet":4,"minecraft:blackstone":37,"minecraft:dark_prismarine_stairs":7,"minecraft:oak_boat":1,"minecraft:player_head":6,"minecraft:tinted_glass":67,"minecraft:sugar_cane":19,"minecraft:spruce_trapdoor":6,"minecraft:raw_iron":58,"minecraft:stripped_mangrove_wood":4,"minecraft:note_block":6,"minecraft:polished_blackstone_bricks":60,"minecraft:purple_terracotta":3,"minecraft:dark_oak_planks":152,"minecraft:weeping_vines":2,"minecraft:arrow":66,"minecraft:pumpkin_pie":12,"minecraft:nether_bricks":3,"minecraft:stripped_dark_oak_wood":1,"minecraft:pink_tulip":1,"minecraft:saddle":4,"minecraft:brick_stairs":4,"minecraft:nether_brick_wall":12,"minecraft:basalt":5,"minecraft:golden_carrot":5,"minecraft:glow_ink_sac":2,"minecraft:leather":18,"minecraft:birch_planks":14,"minecraft:crimson_fungus":1,"minecraft:nether_wart_block":3,"minecraft:gunpowder":13,"minecraft:cooked_mutton":34,"minecraft:red_carpet":34,"minecraft:gray_carpet":29,"minecraft:acacia_trapdoor":3,"minecraft:iron_ingot":121,"minecraft:cooked_chicken":40,"minecraft:soul_sand":11,"minecraft:book":239,"minecraft:scaffolding":14,"minecraft:oak_slab":1,"minecraft:nether_quartz_ore":23,"minecraft:warped_fungus":1,"minecraft:emerald_block":4,"minecraft:pumpkin":5,"minecraft:dandelion":1,"minecraft:raw_iron_block":9,"minecraft:mud_brick_wall":1,"minecraft:nether_brick_slab":5,"minecraft:green_carpet":3,"minecraft:spider_eye":11,"minecraft:pumpkin_seeds":2,"minecraft:waxed_oxidized_cut_copper_slab":5,"minecraft:acacia_slab":4,"minecraft:black_wool":1,"minecraft:coal":258,"minecraft:sunflower":4},"minecraft:used":{"minecraft:spruce_slab":1,"minecraft:polished_blackstone":10,"minecraft:chest":1,"minecraft:bow":21,"minecraft:dark_oak_boat":7,"minecraft:furnace":9,"minecraft:egg":479,"minecraft:diorite":1,"minecraft:blackstone":12,"minecraft:wooden_pickaxe":43,"minecraft:cookie":2,"minecraft:golden_apple":26,"minecraft:glow_berries":25,"minecraft:sand":12,"minecraft:diamond_sword":601,"minecraft:coal_block":1,"minecraft:smithing_table":1,"minecraft:birch_log":1,"minecraft:oak_boat":3,"alexscaves:spawn_egg_watcher":1,"minecraft:netherrack":100,"minecraft:torch":367,"minecraft:golden_shovel":146,"minecraft:iron_axe":605,"minecraft:mud_bricks":69,"minecraft:beef":3,"minecraft:cobbled_deepslate":1,"minecraft:acacia_planks":33,"minecraft:birch_planks":108,"minecraft:waxed_oxidized_cut_copper":3,"minecraft:polished_blackstone_bricks":25,"minecraft:crafting_table":20,"minecraft:dark_prismarine":15,"minecraft:ender_eye":2,"minecraft:diamond_pickaxe":1234,"minecraft:iron_pickaxe":528,"minecraft:spruce_pressure_plate":2,"minecraft:spruce_trapdoor":2,"minecraft:green_carpet":1,"minecraft:cobblestone":165,"minecraft:potion":3,"minecraft:cooked_porkchop":12,"minecraft:porkchop":1,"minecraft:stripped_oak_log":1,"minecraft:shield":38,"minecraft:player_head":1,"minecraft:packed_mud":17,"minecraft:diamond_boots":2,"minecraft:stone_pickaxe":70,"minecraft:oak_planks":155,"minecraft:diamond_axe":439,"minecraft:crossbow":5,"minecraft:black_terracotta":2,"minecraft:bread":8,"minecraft:cooked_rabbit":2,"minecraft:andesite":2,"minecraft:tropical_fish":1,"minecraft:spruce_planks":1,"minecraft:wooden_shovel":7,"minecraft:cooked_chicken":2,"minecraft:dirt":8,"minecraft:spruce_stairs":2,"minecraft:oak_wood":6,"minecraft:granite":26,"minecraft:wooden_axe":31,"minecraft:dark_oak_planks":54,"minecraft:waxed_cut_copper":13,"minecraft:iron_boots":4,"minecraft:golden_carrot":2,"minecraft:cooked_beef":5,"minecraft:cooked_mutton":5,"minecraft:acacia_boat":2,"minecraft:baked_potato":61,"minecraft:apple":10,"minecraft:stone_axe":119,"minecraft:splash_potion":9,"alexscaves:cooked_dinosaur_chop":2},"minecraft:killed_by":{"minecraft:piglin_brute":7,"minecraft:ravager":1,"cataclysm:deepling":1,"minecraft:zombie":5,"minecraft:husk":8,"alexscaves:vallumraptor":2,"alexscaves:watcher":1,"minecraft:wither_skeleton":4,"minecraft:creeper":3,"minecraft:drowned":1,"minecraft:piglin":4,"alexscaves:tremorsaurus":7,"minecraft:player":8,"minecraft:enderman":1,"minecraft:skeleton":13},"minecraft:custom":{"minecraft:interact_with_crafting_table":61,"minecraft:open_barrel":60,"minecraft:eat_cake_slice":3,"minecraft:leave_game":9,"minecraft:time_since_death":34576,"minecraft:damage_blocked_by_shield":2400,"minecraft:play_time":579723,"minecraft:deaths":73,"minecraft:jump":3519,"minecraft:enchant_item":5,"minecraft:interact_with_furnace":40,"minecraft:traded_with_villager":25,"minecraft:interact_with_cartography_table":2,"minecraft:sleep_in_bed":4,"minecraft:damage_dealt":36685,"minecraft:interact_with_smoker":10,"minecraft:inspect_dispenser":9,"minecraft:horse_one_cm":3699,"minecraft:interact_with_smithing_table":12,"minecraft:interact_with_anvil":21,"minecraft:inspect_hopper":2,"minecraft:sneak_time":33868,"minecraft:interact_with_blast_furnace":5,"minecraft:total_world_time":579723,"minecraft:tune_noteblock":18,"minecraft:time_since_rest":34602,"minecraft:swim_one_cm":1051,"minecraft:fly_one_cm":343591,"minecraft:open_chest":396,"minecraft:fall_one_cm":159110,"minecraft:sprint_one_cm":606701,"minecraft:drop":889,"minecraft:play_noteblock":11,"minecraft:talked_to_villager":25,"minecraft:interact_with_brewingstand":6,"minecraft:walk_on_water_one_cm":107452,"minecraft:interact_with_loom":4,"minecraft:open_enderchest":11,"minecraft:player_kills":10,"minecraft:crouch_one_cm":88969,"minecraft:mob_kills":302,"minecraft:climb_one_cm":29399,"minecraft:walk_one_cm":1541757,"minecraft:walk_under_water_one_cm":128380,"minecraft:boat_one_cm":552622,"minecraft:interact_with_grindstone":1,"minecraft:damage_taken":32471,"minecraft:damage_absorbed":740},"minecraft:broken":{"minecraft:iron_boots":1,"minecraft:iron_leggings":1,"minecraft:shield":1,"minecraft:iron_axe":1,"minecraft:iron_helmet":1,"minecraft:golden_shovel":1},"minecraft:mined":{"minecraft:dark_oak_planks":87,"minecraft:dark_prismarine_stairs":5,"minecraft:black_terracotta":69,"minecraft:obsidian":1,"minecraft:granite":5,"minecraft:chiseled_polished_blackstone":1,"minecraft:acacia_log":20,"minecraft:oak_pressure_plate":1,"minecraft:coal_block":1,"minecraft:hopper":2,"minecraft:crimson_fungus":2,"minecraft:oxeye_daisy":1,"minecraft:spawner":16,"minecraft:polished_blackstone_bricks":73,"minecraft:weeping_vines_plant":7,"minecraft:magma_block":1,"minecraft:dark_oak_trapdoor":6,"minecraft:sticky_piston":1,"minecraft:barrel":3,"minecraft:fire":7,"minecraft:moss_carpet":4,"minecraft:pumpkin":5,"minecraft:deepslate_lapis_ore":5,"minecraft:stripped_dark_oak_wood":1,"minecraft:nether_brick_stairs":1,"minecraft:cave_vines":70,"minecraft:quartz_slab":1,"minecraft:iron_block":1,"minecraft:stripped_mangrove_wood":6,"minecraft:player_head":2,"minecraft:kelp_plant":1,"minecraft:player_wall_head":1,"minecraft:crimson_nylium":28,"minecraft:note_block":6,"minecraft:torch":2,"minecraft:mud_brick_stairs":3,"minecraft:melon":11,"minecraft:nether_brick_slab":4,"minecraft:cyan_bed":2,"minecraft:sugar_cane":2,"minecraft:bricks":4,"minecraft:amethyst_block":1,"minecraft:repeater":1,"minecraft:tinted_glass":73,"minecraft:lilac":13,"minecraft:jukebox":1,"minecraft:black_bed":1,"minecraft:warped_fungus":1,"minecraft:grass":97,"minecraft:loom":1,"minecraft:birch_button":1,"minecraft:deepslate":42,"minecraft:dark_prismarine":5,"minecraft:nether_brick_wall":14,"minecraft:dark_oak_log":30,"minecraft:cyan_stained_glass":1,"minecraft:nether_bricks":7,"minecraft:dark_oak_fence":3,"minecraft:allium":3,"minecraft:jungle_planks":10,"minecraft:stripped_jungle_wood":4,"minecraft:crimson_roots":14,"minecraft:redstone_wire":4,"minecraft:kelp":1,"minecraft:moss_block":36,"minecraft:cartography_table":1,"minecraft:waxed_oxidized_cut_copper":42,"minecraft:packed_mud":59,"minecraft:acacia_trapdoor":6,"minecraft:polished_blackstone_button":2,"minecraft:acacia_wood":1,"minecraft:andesite":7,"minecraft:big_dripleaf_stem":1,"minecraft:vine":1,"minecraft:warped_trapdoor":3,"minecraft:ender_chest":1,"minecraft:smithing_table":2,"minecraft:mud_brick_slab":26,"minecraft:oak_slab":2,"minecraft:comparator":2,"minecraft:soul_sand":12,"minecraft:observer":1,"minecraft:polished_blackstone_brick_wall":2,"minecraft:dandelion":4,"minecraft:cornflower":1,"minecraft:spruce_button":1,"minecraft:lightning_rod":4,"minecraft:tall_grass":37,"minecraft:diorite":7,"minecraft:big_dripleaf":2,"minecraft:birch_leaves":6,"minecraft:dark_prismarine_slab":1,"minecraft:sunflower":4,"minecraft:gravel":2,"minecraft:cobweb":5,"minecraft:acacia_planks":8,"minecraft:polished_blackstone":23,"minecraft:gold_ore":1,"minecraft:waxed_exposed_cut_copper":12,"minecraft:iron_trapdoor":1,"minecraft:waxed_cut_copper_slab":8,"minecraft:spruce_planks":36,"minecraft:jungle_slab":2,"minecraft:brewing_stand":4,"minecraft:cave_vines_plant":35,"minecraft:spruce_trapdoor":5,"minecraft:stripped_crimson_hyphae":3,"minecraft:grass_block":76,"minecraft:cracked_polished_blackstone_bricks":24,"minecraft:polished_blackstone_brick_slab":20,"minecraft:mud_brick_wall":1,"minecraft:mud_bricks":135,"minecraft:gilded_blackstone":15,"minecraft:iron_ore":36,"minecraft:dark_oak_stairs":8,"minecraft:pointed_dripstone":1,"minecraft:flowering_azalea_leaves":3,"minecraft:azalea":4,"minecraft:spruce_slab":16,"minecraft:waxed_cut_copper":22,"minecraft:waxed_cut_copper_stairs":18,"minecraft:polished_blackstone_wall":1,"minecraft:blackstone":43,"minecraft:polished_deepslate_stairs":2,"minecraft:clay":3,"minecraft:calcite":2,"minecraft:poppy":4,"minecraft:nether_quartz_ore":26,"minecraft:cobblestone":20,"minecraft:grindstone":1,"minecraft:oak_planks":12,"minecraft:light_blue_banner":1,"minecraft:wall_torch":8,"minecraft:cauldron":1,"minecraft:dark_oak_slab":4,"minecraft:nether_wart_block":2,"minecraft:birch_log":108,"minecraft:waxed_oxidized_cut_copper_stairs":3,"minecraft:tnt":1,"minecraft:oak_log":205,"minecraft:acacia_fence":5,"minecraft:dirt":97,"minecraft:sand":31,"minecraft:crimson_planks":12,"minecraft:tripwire_hook":3,"minecraft:netherrack":250,"minecraft:oak_leaves":43,"minecraft:cyan_candle":1,"minecraft:nether_gold_ore":7,"minecraft:tuff":5,"minecraft:yellow_wall_banner":1,"minecraft:dark_oak_leaves":2,"minecraft:blackstone_wall":2,"minecraft:glow_lichen":1,"minecraft:lever":1,"gravestone:gravestone":58,"minecraft:purple_terracotta":1,"minecraft:brick_stairs":4,"minecraft:weeping_vines":1,"minecraft:acacia_slab":3,"minecraft:sandstone":2,"minecraft:hay_block":65,"minecraft:furnace":7,"minecraft:waxed_oxidized_cut_copper_slab":5,"minecraft:peony":6,"minecraft:gold_block":1,"minecraft:polished_deepslate":9,"minecraft:bookshelf":57,"minecraft:deepslate_iron_ore":27,"minecraft:shroomlight":2,"minecraft:stripped_jungle_log":1,"minecraft:stripped_acacia_log":1,"minecraft:stripped_oak_log":1,"minecraft:stone":340,"minecraft:scaffolding":8,"minecraft:acacia_leaves":5,"minecraft:flowering_azalea":4,"minecraft:brick_wall":3,"minecraft:stripped_dark_oak_log":1,"alexscaves:cooked_dinosaur_chop":1,"minecraft:basalt":7,"minecraft:oak_fence":3,"minecraft:crafting_table":15,"minecraft:cyan_stained_glass_pane":5,"minecraft:blackstone_slab":4,"minecraft:oak_wood":8,"minecraft:rose_bush":7,"minecraft:lapis_ore":3,"minecraft:spruce_stairs":5,"minecraft:gray_wool":1,"minecraft:birch_planks":10,"minecraft:sea_pickle":1,"minecraft:polished_blackstone_slab":3,"minecraft:bee_nest":1,"minecraft:coal_ore":143,"minecraft:gray_carpet":1,"minecraft:lodestone":2,"minecraft:stripped_acacia_wood":2,"minecraft:jungle_wall_sign":3},"minecraft:dropped":{"minecraft:porkchop":14,"minecraft:stripped_mangrove_wood":1,"minecraft:lapis_lazuli":22,"minecraft:oak_pressure_plate":1,"minecraft:mud_brick_slab":19,"minecraft:cooked_beef":1,"minecraft:glass_bottle":4,"minecraft:diamond":33,"minecraft:crafting_table":2,"minecraft:cooked_porkchop":1,"minecraft:weeping_vines":2,"minecraft:glow_berries":2,"minecraft:dark_oak_button":2,"minecraft:saddle":3,"minecraft:rail":2,"minecraft:red_carpet":28,"minecraft:item_frame":5,"minecraft:light_weighted_pressure_plate":1,"minecraft:dirt":10,"minecraft:packed_mud":19,"minecraft:black_stained_glass_pane":1,"minecraft:dark_oak_trapdoor":10,"minecraft:stripped_dark_oak_wood":1,"minecraft:gold_nugget":19,"minecraft:sunflower":4,"minecraft:sand":140,"minecraft:polished_blackstone_slab":1,"minecraft:iron_pickaxe":4,"minecraft:dark_oak_planks":65,"minecraft:white_wool":4,"minecraft:cyan_carpet":4,"minecraft:bone":36,"minecraft:waxed_cut_copper_slab":5,"minecraft:note_block":5,"minecraft:stone_axe":5,"minecraft:waxed_cut_copper_stairs":7,"minecraft:compass":1,"minecraft:goat_horn":1,"minecraft:sugar_cane":2,"minecraft:lever":17,"minecraft:iron_nugget":48,"minecraft:cobbled_deepslate":5,"minecraft:tinted_glass":62,"minecraft:birch_sapling":3,"minecraft:obsidian":6,"minecraft:stripped_dark_oak_log":2,"minecraft:rotten_flesh":58,"minecraft:oak_planks":38,"minecraft:light_gray_carpet":4,"minecraft:ladder":5,"minecraft:yellow_banner":1,"minecraft:spruce_slab":24,"minecraft:crying_obsidian":2,"minecraft:acacia_fence":2,"minecraft:crimson_planks":7,"minecraft:golden_boots":1,"minecraft:iron_ingot":87,"minecraft:wheat_seeds":10,"minecraft:tnt":2,"minecraft:waxed_oxidized_cut_copper_stairs":8,"minecraft:dark_prismarine_slab":3,"minecraft:iron_helmet":1,"minecraft:cobblestone":7,"minecraft:book":47,"minecraft:granite":2,"minecraft:coal":7,"minecraft:coal_block":1,"minecraft:warped_trapdoor":1,"minecraft:crimson_stairs":1,"minecraft:iron_trapdoor":1,"minecraft:blackstone_wall":3,"minecraft:lodestone":2,"minecraft:wooden_axe":3,"minecraft:rose_bush":3,"minecraft:potion":2,"minecraft:chainmail_leggings":1,"minecraft:string":13,"minecraft:lily_pad":12,"minecraft:gray_carpet":28,"minecraft:pink_tulip":1,"minecraft:furnace":1,"minecraft:moss_carpet":18,"minecraft:player_head":4,"minecraft:iron_boots":3,"minecraft:slime_block":1,"minecraft:nether_bricks":3,"minecraft:pumpkin_seeds":2,"minecraft:lightning_rod":3,"minecraft:diamond_sword":4,"minecraft:big_dripleaf":9,"minecraft:shroomlight":1,"minecraft:sea_pickle":2,"alexscaves:heavy_bone":2,"minecraft:piglin_banner_pattern":1,"minecraft:waxed_cut_copper":15,"minecraft:peony":3,"minecraft:spruce_trapdoor":3,"minecraft:spruce_planks":9,"minecraft:diamond_pickaxe":2,"minecraft:wooden_shovel":1,"minecraft:spider_eye":3,"minecraft:sandstone":13,"minecraft:bow":1,"minecraft:magma_block":2,"minecraft:nether_brick_stairs":1,"minecraft:crimson_nylium":8,"minecraft:soul_sand":4,"minecraft:moss_block":34,"minecraft:dark_oak_stairs":11,"minecraft:birch_planks":91,"minecraft:diamond_axe":1,"minecraft:warped_fungus":1,"minecraft:baked_potato":1,"minecraft:loom":3,"minecraft:lantern":22,"minecraft:leather":6,"minecraft:polished_blackstone_brick_wall":1,"minecraft:flint":6,"minecraft:cracked_polished_blackstone_bricks":13,"minecraft:crimson_roots":4,"gravestone:obituary":72,"minecraft:jungle_sign":1,"minecraft:pumpkin_pie":6,"minecraft:polished_blackstone_bricks":8,"minecraft:light_blue_banner":1,"minecraft:gold_ingot":33,"minecraft:chiseled_polished_blackstone":1,"minecraft:crimson_fungus":1,"minecraft:blackstone":2,"minecraft:soul_lantern":1,"minecraft:pointed_dripstone":1,"minecraft:black_terracotta":42,"minecraft:waxed_oxidized_cut_copper_slab":2,"minecraft:carrot":3,"minecraft:turtle_helmet":1,"minecraft:gunpowder":6,"minecraft:stone_brick_wall":1,"minecraft:azalea":2,"minecraft:basalt":2,"minecraft:arrow":26,"minecraft:scaffolding":3,"minecraft:quartz":12,"minecraft:splash_potion":2,"minecraft:netherrack":13,"minecraft:purple_carpet":1,"minecraft:purple_terracotta":3,"minecraft:oak_slab":1,"minecraft:lilac":2,"minecraft:lead":1,"minecraft:nether_brick_wall":10,"minecraft:spruce_stairs":2,"minecraft:acacia_trapdoor":3,"minecraft:stick":39,"minecraft:iron_block":7,"minecraft:diorite":8,"minecraft:brewing_stand":2,"minecraft:torch":5,"minecraft:nether_wart_block":2,"minecraft:mud_brick_stairs":2,"minecraft:green_carpet":1,"minecraft:iron_leggings":3,"minecraft:polished_blackstone_brick_slab":15,"minecraft:iron_axe":3,"minecraft:raw_iron_block":18,"minecraft:tripwire_hook":3,"minecraft:redstone_block":5,"minecraft:redstone":25,"minecraft:polished_deepslate":4,"minecraft:nether_brick_slab":5,"minecraft:dark_prismarine_stairs":7,"minecraft:jukebox":1,"minecraft:tuff":3,"minecraft:comparator":2,"minecraft:waxed_exposed_cut_copper":3,"minecraft:stripped_acacia_wood":2,"minecraft:mud_bricks":68,"minecraft:shield":5,"minecraft:iron_chestplate":3,"minecraft:andesite":9,"minecraft:oak_sapling":3,"minecraft:waxed_oxidized_cut_copper":13,"minecraft:diamond_boots":1,"minecraft:spruce_log":2,"minecraft:stone_pickaxe":1,"minecraft:wooden_pickaxe":4,"minecraft:raw_gold":2,"minecraft:calcite":3}},"DataVersion":3465}