{"stats":{"minecraft:used":{"minecraft:moss_block":1,"minecraft:waxed_exposed_cut_copper":1,"minecraft:stone_sword":25,"minecraft:chest":2,"minecraft:spruce_planks":16,"minecraft:iron_sword":2,"minecraft:shield":41,"minecraft:cooked_chicken":4,"alexscaves:spawn_egg_vallumraptor":1,"minecraft:torch":97,"minecraft:rotten_flesh":21,"minecraft:player_head":1,"minecraft:iron_chestplate":4,"minecraft:dirt":2,"minecraft:cut_copper":4,"minecraft:wooden_axe":44,"minecraft:lava_bucket":1,"alexscaves:spawn_egg_tremorsaurus":1,"minecraft:waxed_cut_copper":3,"minecraft:iron_axe":169,"minecraft:packed_mud":9,"alexscaves:spawn_egg_forsaken":1,"alexscaves:spawn_egg_grottoceratops":1,"minecraft:mud_bricks":10,"minecraft:bow":5,"alexscaves:spawn_egg_vesper":1,"minecraft:furnace":2,"minecraft:cooked_beef":6,"minecraft:cobbled_deepslate":6,"minecraft:cooked_mutton":5,"minecraft:dark_oak_stairs":2,"minecraft:birch_planks":31,"minecraft:stone_pickaxe":67,"minecraft:oak_planks":17,"minecraft:waxed_oxidized_cut_copper":3,"minecraft:wooden_pickaxe":21,"minecraft:golden_apple":2,"minecraft:glow_berries":21,"minecraft:crafting_table":10,"minecraft:black_terracotta":1,"minecraft:diamond_pickaxe":1,"minecraft:bread":1,"minecraft:iron_pickaxe":242,"minecraft:golden_helmet":1,"minecraft:stone_axe":54,"minecraft:diamond_sword":136,"minecraft:wooden_sword":7,"minecraft:cobblestone":11,"minecraft:turtle_helmet":1,"minecraft:cooked_porkchop":4,"minecraft:pumpkin_pie":1,"minecraft:oak_boat":2,"minecraft:polished_blackstone_button":1,"minecraft:coarse_dirt":2,"alexscaves:spawn_egg_watcher":1},"minecraft:killed":{"minecraft:spider":5,"minecraft:skeleton":7,"minecraft:chicken":6,"minecraft:pig":4,"minecraft:zombie_villager":2,"minecraft:rabbit":1,"minecraft:ravager":1,"minecraft:creeper":2,"minecraft:sheep":7,"minecraft:zombie":17,"minecraft:cow":3},"minecraft:killed_by":{"alexscaves:tremorsaurus":2,"minecraft:player":8,"minecraft:wither_skeleton":1,"minecraft:skeleton":9,"minecraft:zombie":3},"minecraft:crafted":{"minecraft:wooden_sword":1,"minecraft:oak_planks":272,"minecraft:cooked_chicken":6,"minecraft:furnace":2,"minecraft:iron_boots":1,"minecraft:iron_axe":2,"minecraft:stone_pickaxe":1,"minecraft:chest":2,"minecraft:dark_oak_planks":20,"minecraft:cooked_beef":5,"minecraft:crafting_table":6,"minecraft:spruce_planks":20,"minecraft:wooden_pickaxe":3,"minecraft:iron_helmet":1,"minecraft:iron_sword":1,"minecraft:birch_planks":40,"minecraft:stone_axe":1,"minecraft:air":0,"minecraft:jungle_planks":4,"minecraft:oak_boat":1,"minecraft:iron_chestplate":1,"minecraft:shield":2,"minecraft:stick":224,"minecraft:iron_ingot":24,"minecraft:iron_pickaxe":3,"minecraft:wooden_axe":1,"minecraft:stone_sword":1,"minecraft:iron_leggings":1,"minecraft:torch":244},"minecraft:broken":{"minecraft:wooden_axe":1},"minecraft:dropped":{"minecraft:iron_ingot":16,"minecraft:moss_block":3,"minecraft:birch_planks":1,"minecraft:waxed_oxidized_cut_copper_stairs":1,"minecraft:oxidized_cut_copper":1,"minecraft:cobblestone":1,"minecraft:dark_prismarine_slab":1,"minecraft:glow_berries":4,"minecraft:acacia_trapdoor":1,"minecraft:rail":1,"minecraft:dirt":3,"minecraft:torch":1,"alexscaves:spawn_egg_forsaken":64,"minecraft:iron_leggings":1,"gravestone:obituary":12,"minecraft:sand":5,"minecraft:chainmail_leggings":1,"minecraft:string":3,"minecraft:light_blue_banner":3,"minecraft:white_wool":5,"minecraft:gray_carpet":2,"alexscaves:spawn_egg_watcher":64,"minecraft:waxed_cut_copper_slab":5,"minecraft:cooked_chicken":3,"minecraft:rotten_flesh":8,"minecraft:oak_planks":1,"minecraft:waxed_exposed_cut_copper":1,"minecraft:waxed_oxidized_cut_copper_slab":3,"minecraft:suspicious_stew":1,"minecraft:diamond_sword":3,"minecraft:mud_bricks":9,"minecraft:spruce_trapdoor":4,"minecraft:spruce_planks":1,"minecraft:waxed_oxidized_cut_copper":2,"minecraft:bamboo":2,"minecraft:birch_button":2,"alexscaves:spawn_egg_vesper":64,"minecraft:acacia_fence":2},"minecraft:mined":{"minecraft:dark_oak_planks":6,"minecraft:waxed_cut_copper_slab":2,"minecraft:spruce_planks":1,"minecraft:mossy_cobblestone":5,"minecraft:dark_oak_leaves":1,"minecraft:black_terracotta":11,"minecraft:dark_oak_log":11,"minecraft:mangrove_roots":1,"minecraft:brewing_stand":1,"minecraft:cave_vines_plant":10,"minecraft:spruce_trapdoor":4,"minecraft:glow_lichen":1,"minecraft:granite":2,"gravestone:gravestone":18,"minecraft:acacia_log":4,"minecraft:grass_block":4,"minecraft:jungle_log":1,"minecraft:spruce_leaves":1,"minecraft:mud_bricks":15,"minecraft:moss_block":7,"minecraft:spawner":3,"minecraft:large_fern":1,"minecraft:oxidized_cut_copper":2,"minecraft:oak_trapdoor":1,"minecraft:waxed_oxidized_cut_copper":7,"minecraft:packed_mud":11,"minecraft:iron_ore":29,"minecraft:waxed_oxidized_cut_copper_slab":1,"minecraft:andesite":2,"minecraft:stripped_spruce_log":5,"minecraft:big_dripleaf_stem":1,"minecraft:dark_oak_stairs":2,"minecraft:bookshelf":1,"minecraft:cave_vines":25,"minecraft:shroomlight":1,"minecraft:deepslate_iron_ore":1,"minecraft:stripped_acacia_log":1,"minecraft:stone":98,"minecraft:player_head":1,"minecraft:spruce_slab":4,"minecraft:waxed_cut_copper_stairs":1,"minecraft:waxed_cut_copper":6,"minecraft:flowering_azalea":1,"minecraft:glass_pane":1,"minecraft:soul_lantern":1,"minecraft:oak_fence":3,"minecraft:clay":7,"minecraft:crafting_table":7,"minecraft:torch":4,"minecraft:chest":2,"minecraft:rose_bush":1,"minecraft:dead_bush":1,"minecraft:tall_grass":3,"minecraft:cobblestone":6,"minecraft:oak_planks":2,"minecraft:wall_torch":7,"minecraft:diorite":1,"minecraft:cauldron":1,"minecraft:birch_planks":13,"minecraft:coarse_dirt":2,"minecraft:tinted_glass":9,"minecraft:birch_log":10,"minecraft:spruce_log":34,"minecraft:stone_brick_stairs":1,"minecraft:dark_prismarine_slab":1,"minecraft:grass":17,"minecraft:coal_ore":86,"minecraft:oak_log":68,"minecraft:acacia_fence":1,"minecraft:gravel":4,"minecraft:sand":10,"minecraft:dirt":4,"minecraft:gray_carpet":1,"minecraft:cobweb":2,"minecraft:acacia_planks":15,"minecraft:small_dripleaf":1,"minecraft:waxed_exposed_cut_copper":1,"minecraft:oak_leaves":18,"minecraft:deepslate":16},"minecraft:custom":{"minecraft:interact_with_anvil":1,"minecraft:mob_kills":70,"minecraft:interact_with_crafting_table":29,"minecraft:open_barrel":3,"minecraft:leave_game":9,"minecraft:time_since_death":55184,"minecraft:climb_one_cm":11393,"minecraft:sprint_one_cm":102475,"minecraft:walk_one_cm":1055390,"minecraft:damage_blocked_by_shield":2495,"minecraft:drop":85,"minecraft:talked_to_villager":2,"minecraft:play_time":250431,"minecraft:deaths":32,"minecraft:sneak_time":5268,"minecraft:walk_under_water_one_cm":157894,"minecraft:boat_one_cm":218151,"minecraft:jump":2102,"minecraft:walk_on_water_one_cm":138245,"minecraft:total_world_time":250431,"minecraft:interact_with_furnace":16,"minecraft:tune_noteblock":5,"minecraft:time_since_rest":55213,"minecraft:open_enderchest":1,"minecraft:damage_taken":13561,"minecraft:damage_absorbed":80,"minecraft:damage_dealt":10256,"minecraft:player_kills":5,"minecraft:swim_one_cm":147,"minecraft:fly_one_cm":77844,"minecraft:open_chest":44,"minecraft:crouch_one_cm":8967,"minecraft:interact_with_smoker":2,"minecraft:fall_one_cm":86628},"minecraft:picked_up":{"minecraft:iron_chestplate":4,"minecraft:coarse_dirt":3,"minecraft:waxed_oxidized_cut_copper":11,"minecraft:crafting_table":7,"minecraft:chicken":6,"minecraft:clay_ball":28,"minecraft:suspicious_stew":1,"minecraft:turtle_helmet":1,"minecraft:chest_minecart":1,"minecraft:diamond_sword":5,"minecraft:wooden_pickaxe":2,"minecraft:cooked_rabbit":1,"minecraft:golden_shovel":1,"minecraft:birch_button":2,"minecraft:stone_brick_stairs":1,"gravestone:obituary":11,"minecraft:shield":2,"minecraft:string":11,"minecraft:waxed_cut_copper_slab":5,"minecraft:moss_carpet":11,"minecraft:iron_axe":1,"minecraft:iron_leggings":4,"minecraft:item_frame":2,"minecraft:compass":2,"minecraft:iron_shovel":1,"alexscaves:dinosaur_chop":1,"minecraft:shroomlight":1,"minecraft:oak_sign":3,"minecraft:activator_rail":2,"minecraft:cobbled_deepslate":7,"minecraft:comparator":1,"minecraft:spruce_planks":2,"minecraft:waxed_exposed_cut_copper":3,"minecraft:beef":5,"minecraft:oak_boat":1,"minecraft:player_head":1,"minecraft:iron_pickaxe":1,"minecraft:spruce_slab":5,"minecraft:tinted_glass":8,"minecraft:chest":2,"minecraft:spruce_trapdoor":4,"minecraft:iron_boots":3,"minecraft:egg":2,"minecraft:raw_iron":29,"minecraft:stick":13,"minecraft:acacia_fence":2,"minecraft:big_dripleaf":5,"minecraft:oak_fence":4,"minecraft:torch":23,"minecraft:acacia_log":4,"minecraft:porkchop":6,"minecraft:diorite":1,"minecraft:cauldron":1,"minecraft:goat_horn":1,"minecraft:purple_terracotta":6,"minecraft:dark_oak_planks":38,"minecraft:tnt":1,"minecraft:arrow":39,"minecraft:rotten_flesh":49,"minecraft:pumpkin_pie":1,"minecraft:peony":1,"minecraft:waxed_oxidized_cut_copper_stairs":1,"minecraft:waxed_cut_copper":7,"minecraft:glow_berries":17,"minecraft:rail":7,"minecraft:white_wool":5,"minecraft:cobblestone":103,"minecraft:birch_log":10,"minecraft:mud_bricks":21,"minecraft:feather":6,"minecraft:cooked_beef":10,"minecraft:jungle_log":1,"minecraft:andesite":3,"minecraft:leather":2,"minecraft:potato":2,"minecraft:birch_planks":11,"minecraft:packed_mud":14,"minecraft:oak_log":68,"minecraft:gunpowder":1,"minecraft:dirt":13,"minecraft:cooked_mutton":12,"minecraft:bone":29,"minecraft:light_blue_banner":3,"minecraft:acacia_planks":18,"minecraft:gray_carpet":2,"minecraft:bow":1,"minecraft:wheat_seeds":1,"minecraft:acacia_trapdoor":2,"minecraft:raw_gold":1,"minecraft:iron_ingot":39,"minecraft:cooked_chicken":1,"minecraft:powered_rail":3,"minecraft:moss_block":10,"minecraft:iron_sword":1,"minecraft:oak_planks":68,"minecraft:oxidized_cut_copper":1,"minecraft:dark_oak_stairs":3,"minecraft:book":19,"minecraft:black_terracotta":12,"minecraft:cooked_porkchop":5,"minecraft:gravel":13,"minecraft:sand":11,"minecraft:stripped_spruce_log":5,"minecraft:spruce_log":33,"minecraft:acacia_stairs":1,"minecraft:dark_oak_log":10,"minecraft:spider_eye":2,"minecraft:mossy_cobblestone":5,"minecraft:dark_prismarine_slab":1,"minecraft:pumpkin_seeds":2,"minecraft:dispenser":3,"minecraft:stone_axe":1,"minecraft:polished_blackstone_button":1,"minecraft:chainmail_leggings":2,"minecraft:iron_helmet":2,"minecraft:stripped_jungle_wood":8,"minecraft:waxed_oxidized_cut_copper_slab":3,"minecraft:coal":101,"minecraft:diamond_pickaxe":2}},"DataVersion":3465}