{"stats":{"minecraft:used":{"minecraft:moss_block":1,"minecraft:stone_sword":25,"minecraft:waxed_exposed_cut_copper":1,"alexscaves:spawn_egg_watcher":1,"minecraft:iron_sword":2,"minecraft:spruce_planks":16,"minecraft:shield":22,"minecraft:cooked_chicken":4,"alexscaves:spawn_egg_vallumraptor":1,"minecraft:player_head":1,"minecraft:rotten_flesh":16,"minecraft:iron_chestplate":4,"minecraft:torch":80,"minecraft:dirt":2,"minecraft:cut_copper":4,"minecraft:wooden_axe":44,"minecraft:lava_bucket":1,"alexscaves:spawn_egg_tremorsaurus":1,"minecraft:waxed_cut_copper":3,"minecraft:iron_axe":140,"minecraft:packed_mud":9,"alexscaves:spawn_egg_forsaken":1,"alexscaves:spawn_egg_grottoceratops":1,"minecraft:mud_bricks":10,"minecraft:bow":5,"alexscaves:spawn_egg_vesper":1,"minecraft:furnace":2,"minecraft:cooked_beef":6,"minecraft:cobbled_deepslate":6,"minecraft:dark_oak_stairs":2,"minecraft:birch_planks":31,"minecraft:stone_pickaxe":67,"minecraft:oak_planks":14,"minecraft:waxed_oxidized_cut_copper":3,"minecraft:wooden_pickaxe":21,"minecraft:glow_berries":21,"minecraft:crafting_table":10,"minecraft:black_terracotta":1,"minecraft:bread":1,"minecraft:iron_pickaxe":242,"minecraft:golden_helmet":1,"minecraft:stone_axe":54,"minecraft:diamond_sword":58,"minecraft:wooden_sword":7,"minecraft:cobblestone":11,"minecraft:turtle_helmet":1,"minecraft:pumpkin_pie":1,"minecraft:oak_boat":2,"minecraft:polished_blackstone_button":1,"minecraft:coarse_dirt":2},"minecraft:killed":{"minecraft:spider":2,"minecraft:skeleton":7,"minecraft:chicken":6,"minecraft:pig":2,"minecraft:zombie_villager":1,"minecraft:ravager":1,"minecraft:creeper":2,"minecraft:zombie":13,"minecraft:cow":2},"minecraft:killed_by":{"alexscaves:tremorsaurus":2,"minecraft:player":8,"minecraft:wither_skeleton":1,"minecraft:skeleton":9,"minecraft:zombie":3},"minecraft:crafted":{"minecraft:wooden_sword":1,"minecraft:oak_planks":272,"minecraft:cooked_chicken":6,"minecraft:furnace":2,"minecraft:iron_boots":1,"minecraft:iron_axe":2,"minecraft:stone_pickaxe":1,"minecraft:dark_oak_planks":20,"minecraft:cooked_beef":5,"minecraft:crafting_table":6,"minecraft:spruce_planks":20,"minecraft:wooden_pickaxe":3,"minecraft:iron_helmet":1,"minecraft:iron_sword":1,"minecraft:birch_planks":40,"minecraft:stone_axe":1,"minecraft:air":0,"minecraft:jungle_planks":4,"minecraft:oak_boat":1,"minecraft:iron_chestplate":1,"minecraft:shield":2,"minecraft:stick":112,"minecraft:iron_ingot":24,"minecraft:iron_pickaxe":3,"minecraft:wooden_axe":1,"minecraft:stone_sword":1,"minecraft:iron_leggings":1,"minecraft:torch":156},"minecraft:broken":{"minecraft:wooden_axe":1},"minecraft:dropped":{"minecraft:iron_ingot":16,"minecraft:moss_block":3,"minecraft:birch_planks":1,"minecraft:oxidized_cut_copper":1,"minecraft:waxed_oxidized_cut_copper_stairs":1,"minecraft:dark_prismarine_slab":1,"minecraft:glow_berries":4,"minecraft:acacia_trapdoor":1,"minecraft:rail":1,"minecraft:torch":1,"alexscaves:spawn_egg_forsaken":64,"minecraft:iron_leggings":1,"gravestone:obituary":9,"minecraft:sand":5,"minecraft:chainmail_leggings":1,"minecraft:string":1,"minecraft:light_blue_banner":3,"minecraft:gray_carpet":2,"alexscaves:spawn_egg_watcher":64,"minecraft:waxed_cut_copper_slab":5,"minecraft:cooked_chicken":3,"minecraft:waxed_exposed_cut_copper":1,"minecraft:waxed_oxidized_cut_copper_slab":3,"minecraft:suspicious_stew":1,"minecraft:diamond_sword":2,"minecraft:mud_bricks":9,"minecraft:spruce_trapdoor":4,"minecraft:spruce_planks":1,"minecraft:waxed_oxidized_cut_copper":2,"minecraft:bamboo":2,"minecraft:birch_button":2,"alexscaves:spawn_egg_vesper":64,"minecraft:acacia_fence":2},"minecraft:mined":{"minecraft:dark_oak_planks":6,"minecraft:waxed_cut_copper_slab":2,"minecraft:spruce_planks":1,"minecraft:mossy_cobblestone":5,"minecraft:dark_oak_leaves":1,"minecraft:black_terracotta":11,"minecraft:dark_oak_log":11,"minecraft:brewing_stand":1,"minecraft:spruce_trapdoor":4,"minecraft:cave_vines_plant":10,"minecraft:glow_lichen":1,"gravestone:gravestone":18,"minecraft:granite":2,"minecraft:grass_block":4,"minecraft:jungle_log":1,"minecraft:spruce_leaves":1,"minecraft:mud_bricks":15,"minecraft:moss_block":7,"minecraft:spawner":3,"minecraft:large_fern":1,"minecraft:oxidized_cut_copper":2,"minecraft:waxed_oxidized_cut_copper":7,"minecraft:packed_mud":11,"minecraft:iron_ore":29,"minecraft:waxed_oxidized_cut_copper_slab":1,"minecraft:andesite":2,"minecraft:stripped_spruce_log":5,"minecraft:big_dripleaf_stem":1,"minecraft:dark_oak_stairs":2,"minecraft:deepslate_iron_ore":1,"minecraft:cave_vines":25,"minecraft:shroomlight":1,"minecraft:stone":98,"minecraft:player_head":1,"minecraft:spruce_slab":4,"minecraft:waxed_cut_copper":6,"minecraft:waxed_cut_copper_stairs":1,"minecraft:flowering_azalea":1,"minecraft:glass_pane":1,"minecraft:soul_lantern":1,"minecraft:clay":7,"minecraft:crafting_table":7,"minecraft:torch":4,"minecraft:rose_bush":1,"minecraft:tall_grass":1,"minecraft:cobblestone":6,"minecraft:diorite":1,"minecraft:wall_torch":7,"minecraft:cauldron":1,"minecraft:birch_planks":13,"minecraft:coarse_dirt":2,"minecraft:tinted_glass":9,"minecraft:birch_log":10,"minecraft:spruce_log":34,"minecraft:dark_prismarine_slab":1,"minecraft:grass":8,"minecraft:oak_log":68,"minecraft:coal_ore":86,"minecraft:acacia_fence":1,"minecraft:gravel":4,"minecraft:sand":10,"minecraft:dirt":4,"minecraft:gray_carpet":1,"minecraft:small_dripleaf":1,"minecraft:waxed_exposed_cut_copper":1,"minecraft:oak_leaves":18,"minecraft:deepslate":16},"minecraft:custom":{"minecraft:mob_kills":38,"minecraft:interact_with_crafting_table":25,"minecraft:open_barrel":3,"minecraft:leave_game":7,"minecraft:time_since_death":7012,"minecraft:climb_one_cm":2405,"minecraft:sprint_one_cm":16707,"minecraft:walk_one_cm":816354,"minecraft:damage_blocked_by_shield":1445,"minecraft:drop":68,"minecraft:play_time":202259,"minecraft:deaths":32,"minecraft:sneak_time":5211,"minecraft:walk_under_water_one_cm":145173,"minecraft:boat_one_cm":218151,"minecraft:jump":1637,"minecraft:walk_on_water_one_cm":102946,"minecraft:total_world_time":202259,"minecraft:interact_with_furnace":16,"minecraft:tune_noteblock":4,"minecraft:time_since_rest":7041,"minecraft:open_enderchest":1,"minecraft:damage_taken":12641,"minecraft:damage_dealt":6210,"minecraft:player_kills":5,"minecraft:swim_one_cm":147,"minecraft:fly_one_cm":55854,"minecraft:open_chest":21,"minecraft:crouch_one_cm":8374,"minecraft:interact_with_smoker":2,"minecraft:fall_one_cm":78310},"minecraft:picked_up":{"minecraft:crafting_table":7,"minecraft:waxed_oxidized_cut_copper":11,"minecraft:iron_chestplate":4,"minecraft:coarse_dirt":3,"minecraft:turtle_helmet":1,"minecraft:chicken":6,"minecraft:clay_ball":28,"minecraft:suspicious_stew":1,"minecraft:diamond_sword":4,"minecraft:wooden_pickaxe":2,"minecraft:golden_shovel":1,"minecraft:birch_button":2,"minecraft:iron_axe":1,"gravestone:obituary":11,"minecraft:shield":2,"minecraft:string":4,"minecraft:waxed_cut_copper_slab":5,"minecraft:moss_carpet":11,"minecraft:compass":2,"minecraft:iron_leggings":4,"minecraft:item_frame":2,"minecraft:iron_shovel":1,"alexscaves:dinosaur_chop":1,"minecraft:shroomlight":1,"minecraft:oak_sign":3,"minecraft:cobbled_deepslate":7,"minecraft:comparator":1,"minecraft:spruce_planks":2,"minecraft:waxed_exposed_cut_copper":3,"minecraft:beef":5,"minecraft:oak_boat":1,"minecraft:iron_pickaxe":1,"minecraft:player_head":1,"minecraft:spruce_slab":5,"minecraft:tinted_glass":8,"minecraft:spruce_trapdoor":4,"minecraft:iron_boots":3,"minecraft:egg":2,"minecraft:stick":10,"minecraft:raw_iron":29,"minecraft:acacia_fence":2,"minecraft:big_dripleaf":5,"minecraft:torch":20,"minecraft:porkchop":4,"minecraft:diorite":1,"minecraft:goat_horn":1,"minecraft:cauldron":1,"minecraft:purple_terracotta":6,"minecraft:dark_oak_planks":38,"minecraft:tnt":1,"minecraft:arrow":37,"minecraft:rotten_flesh":44,"minecraft:pumpkin_pie":1,"minecraft:peony":1,"minecraft:waxed_oxidized_cut_copper_stairs":1,"minecraft:waxed_cut_copper":7,"minecraft:glow_berries":17,"minecraft:rail":3,"minecraft:cobblestone":102,"minecraft:birch_log":10,"minecraft:mud_bricks":21,"minecraft:feather":6,"minecraft:cooked_beef":1,"minecraft:andesite":3,"minecraft:jungle_log":1,"minecraft:leather":2,"minecraft:potato":2,"minecraft:birch_planks":11,"minecraft:packed_mud":14,"minecraft:oak_log":68,"minecraft:dirt":11,"minecraft:bone":29,"minecraft:light_blue_banner":3,"minecraft:gray_carpet":2,"minecraft:bow":1,"minecraft:acacia_trapdoor":1,"minecraft:raw_gold":1,"minecraft:iron_ingot":39,"minecraft:cooked_chicken":1,"minecraft:iron_sword":1,"minecraft:moss_block":10,"minecraft:oak_planks":66,"minecraft:oxidized_cut_copper":1,"minecraft:dark_oak_stairs":3,"minecraft:book":16,"minecraft:black_terracotta":12,"minecraft:gravel":13,"minecraft:sand":11,"minecraft:stripped_spruce_log":5,"minecraft:spruce_log":33,"minecraft:dark_oak_log":10,"minecraft:spider_eye":1,"minecraft:mossy_cobblestone":5,"minecraft:dark_prismarine_slab":1,"minecraft:dispenser":3,"minecraft:stone_axe":1,"minecraft:polished_blackstone_button":1,"minecraft:chainmail_leggings":2,"minecraft:iron_helmet":2,"minecraft:stripped_jungle_wood":8,"minecraft:waxed_oxidized_cut_copper_slab":3,"minecraft:coal":101,"minecraft:diamond_pickaxe":2}},"DataVersion":3465}