{"stats":{"minecraft:mined":{"minecraft:grass":4,"minecraft:oak_log":2},"minecraft:used":{"alexscaves:tremorzilla_egg":1,"minecraft:egg":1},"minecraft:custom":{"minecraft:jump":58,"minecraft:time_since_rest":8179,"minecraft:leave_game":1,"minecraft:play_time":8179,"minecraft:time_since_death":8179,"minecraft:walk_one_cm":21167,"minecraft:total_world_time":8179,"minecraft:fall_one_cm":836},"minecraft:picked_up":{"minecraft:oak_log":2,"minecraft:wheat_seeds":2,"minecraft:egg":1}},"DataVersion":3465}