{"stats":{"minecraft:mined":{"minecraft:tall_grass":1,"minecraft:grass":13,"minecraft:grass_block":1,"minecraft:oak_log":2},"minecraft:used":{"alexscaves:tremorzilla_egg":1,"minecraft:egg":1},"minecraft:custom":{"minecraft:jump":85,"minecraft:time_since_rest":10697,"minecraft:leave_game":1,"minecraft:play_time":10697,"minecraft:time_since_death":10697,"minecraft:walk_one_cm":31719,"minecraft:total_world_time":10697,"minecraft:fall_one_cm":1579},"minecraft:picked_up":{"minecraft:oak_log":2,"minecraft:wheat_seeds":3,"minecraft:egg":1}},"DataVersion":3465}