{"stats":{"minecraft:used":{"minecraft:moss_block":1,"minecraft:waxed_exposed_cut_copper":1,"minecraft:chest":4,"minecraft:shield":83,"minecraft:iron_sword":2,"minecraft:player_head":1,"minecraft:rotten_flesh":21,"minecraft:iron_chestplate":4,"minecraft:cut_copper":4,"minecraft:lava_bucket":1,"minecraft:packed_mud":9,"alexscaves:spawn_egg_forsaken":1,"minecraft:bow":5,"alexscaves:spawn_egg_vesper":1,"minecraft:furnace":2,"minecraft:egg":1,"minecraft:dark_oak_stairs":2,"minecraft:stone_pickaxe":67,"minecraft:oak_planks":17,"minecraft:wooden_pickaxe":21,"minecraft:golden_apple":2,"minecraft:glow_berries":21,"minecraft:black_terracotta":1,"minecraft:bread":1,"minecraft:golden_helmet":1,"minecraft:nether_wart_block":2,"minecraft:diamond_sword":212,"minecraft:wooden_sword":7,"minecraft:oak_boat":2,"minecraft:coarse_dirt":2,"alexscaves:spawn_egg_watcher":1,"minecraft:stone_sword":25,"minecraft:spruce_planks":16,"alexscaves:spawn_egg_vallumraptor":1,"minecraft:cooked_chicken":4,"minecraft:netherrack":55,"minecraft:torch":100,"minecraft:dirt":2,"minecraft:anvil":1,"minecraft:wooden_axe":44,"alexscaves:spawn_egg_tremorsaurus":1,"minecraft:waxed_cut_copper":3,"minecraft:iron_axe":179,"alexscaves:spawn_egg_grottoceratops":1,"minecraft:mud_bricks":10,"minecraft:basalt":11,"minecraft:cooked_beef":9,"minecraft:cobbled_deepslate":6,"minecraft:acacia_planks":2,"minecraft:cooked_mutton":12,"minecraft:birch_planks":31,"minecraft:waxed_oxidized_cut_copper":3,"minecraft:crafting_table":10,"minecraft:diamond_pickaxe":449,"minecraft:iron_pickaxe":242,"minecraft:stone_axe":54,"minecraft:cobblestone":39,"minecraft:turtle_helmet":1,"minecraft:cooked_porkchop":4,"minecraft:pumpkin_pie":1,"minecraft:polished_blackstone_button":1},"minecraft:killed_by":{"minecraft:piglin_brute":1,"minecraft:wither_skeleton":1,"minecraft:creeper":1,"minecraft:piglin":2,"minecraft:zombie":4,"alexscaves:tremorsaurus":2,"minecraft:player":8,"minecraft:skeleton":9},"minecraft:dropped":{"minecraft:moss_block":3,"minecraft:birch_planks":1,"minecraft:diamond_axe":1,"minecraft:baked_potato":36,"minecraft:crafting_table":1,"minecraft:crossbow":1,"minecraft:glow_berries":4,"minecraft:rail":1,"minecraft:dirt":3,"gravestone:obituary":19,"minecraft:gold_nugget":14,"minecraft:sand":5,"minecraft:iron_pickaxe":1,"minecraft:light_blue_banner":3,"minecraft:white_wool":5,"alexscaves:spawn_egg_watcher":64,"minecraft:gold_ingot":27,"minecraft:waxed_cut_copper_slab":5,"minecraft:cooked_chicken":3,"minecraft:rotten_flesh":10,"minecraft:oak_planks":2,"minecraft:waxed_oxidized_cut_copper_slab":3,"minecraft:basalt":1,"minecraft:birch_button":2,"minecraft:acacia_fence":2,"minecraft:egg":8,"minecraft:water_bucket":1,"minecraft:iron_ingot":24,"minecraft:waxed_oxidized_cut_copper_stairs":1,"minecraft:oxidized_cut_copper":1,"minecraft:cobblestone":56,"minecraft:iron_helmet":1,"minecraft:dark_prismarine_slab":1,"minecraft:acacia_trapdoor":1,"minecraft:coal":37,"minecraft:golden_apple":1,"minecraft:lava_bucket":1,"minecraft:torch":65,"alexscaves:spawn_egg_forsaken":64,"minecraft:nether_wart_block":5,"minecraft:iron_leggings":1,"minecraft:chainmail_leggings":2,"minecraft:string":12,"minecraft:gray_carpet":2,"minecraft:iron_boots":1,"minecraft:waxed_exposed_cut_copper":1,"minecraft:suspicious_stew":1,"minecraft:diamond_sword":5,"minecraft:mud_bricks":9,"minecraft:spruce_trapdoor":4,"minecraft:spruce_planks":1,"minecraft:iron_chestplate":1,"minecraft:diamond_pickaxe":1,"minecraft:oak_boat":1,"minecraft:waxed_oxidized_cut_copper":2,"minecraft:spider_eye":1,"minecraft:bamboo":2,"alexscaves:spawn_egg_vesper":64},"minecraft:broken":{"minecraft:wooden_axe":1},"minecraft:custom":{"minecraft:interact_with_crafting_table":35,"minecraft:open_barrel":3,"minecraft:leave_game":10,"minecraft:time_since_death":3597,"minecraft:sprint_one_cm":103579,"minecraft:damage_blocked_by_shield":5158,"minecraft:drop":359,"minecraft:talked_to_villager":6,"minecraft:play_time":326571,"minecraft:deaths":39,"minecraft:jump":2646,"minecraft:walk_on_water_one_cm":153874,"minecraft:enchant_item":2,"minecraft:interact_with_furnace":16,"minecraft:open_enderchest":1,"minecraft:damage_dealt":14926,"minecraft:player_kills":5,"minecraft:crouch_one_cm":14202,"minecraft:interact_with_smoker":2,"minecraft:mob_kills":88,"minecraft:interact_with_anvil":3,"minecraft:climb_one_cm":16171,"minecraft:walk_one_cm":1335389,"minecraft:strider_one_cm":60720,"minecraft:sneak_time":7133,"minecraft:walk_under_water_one_cm":181151,"minecraft:boat_one_cm":218151,"minecraft:total_world_time":326571,"minecraft:tune_noteblock":5,"minecraft:time_since_rest":3664,"minecraft:damage_taken":16222,"minecraft:damage_absorbed":80,"minecraft:swim_one_cm":147,"minecraft:fly_one_cm":83308,"minecraft:open_chest":89,"minecraft:fall_one_cm":106830},"minecraft:mined":{"minecraft:dark_oak_planks":6,"minecraft:waxed_cut_copper_slab":2,"minecraft:spruce_planks":1,"minecraft:black_terracotta":11,"minecraft:brewing_stand":1,"minecraft:spruce_trapdoor":4,"minecraft:cave_vines_plant":10,"minecraft:granite":2,"minecraft:acacia_log":4,"minecraft:grass_block":6,"minecraft:jungle_log":1,"minecraft:cracked_polished_blackstone_bricks":7,"minecraft:mud_bricks":15,"minecraft:crimson_fungus":4,"minecraft:spawner":3,"minecraft:polished_blackstone_bricks":50,"minecraft:weeping_vines_plant":1,"minecraft:magma_block":28,"minecraft:iron_ore":29,"minecraft:dark_oak_stairs":2,"minecraft:cave_vines":25,"minecraft:player_head":1,"minecraft:spruce_slab":4,"minecraft:waxed_cut_copper":6,"minecraft:waxed_cut_copper_stairs":1,"minecraft:blackstone":3,"minecraft:crimson_nylium":18,"minecraft:soul_lantern":1,"minecraft:clay":7,"minecraft:torch":4,"minecraft:chest":2,"minecraft:dead_bush":1,"minecraft:nether_quartz_ore":14,"minecraft:cobblestone":6,"minecraft:oak_planks":5,"minecraft:wall_torch":7,"minecraft:cauldron":1,"minecraft:nether_wart_block":10,"minecraft:tinted_glass":9,"minecraft:birch_log":10,"minecraft:warped_fungus":2,"minecraft:stone_brick_stairs":1,"minecraft:grass":17,"minecraft:oak_log":68,"minecraft:acacia_fence":3,"minecraft:sand":10,"minecraft:dirt":4,"minecraft:netherrack":309,"minecraft:oak_leaves":18,"minecraft:deepslate":16,"minecraft:nether_gold_ore":1,"minecraft:mossy_cobblestone":5,"minecraft:dark_oak_leaves":1,"minecraft:dark_oak_log":11,"minecraft:mangrove_roots":1,"minecraft:glow_lichen":1,"gravestone:gravestone":25,"minecraft:crimson_roots":5,"minecraft:spruce_leaves":1,"minecraft:moss_block":7,"minecraft:crimson_stem":2,"minecraft:large_fern":1,"minecraft:oxidized_cut_copper":2,"minecraft:oak_trapdoor":1,"minecraft:waxed_oxidized_cut_copper":7,"minecraft:packed_mud":11,"minecraft:waxed_oxidized_cut_copper_slab":1,"minecraft:andesite":2,"minecraft:stripped_spruce_log":5,"minecraft:big_dripleaf_stem":1,"minecraft:bookshelf":1,"minecraft:deepslate_iron_ore":1,"minecraft:shroomlight":1,"minecraft:stripped_acacia_log":1,"minecraft:stone":98,"minecraft:bone_block":3,"minecraft:flowering_azalea":1,"minecraft:glass_pane":1,"minecraft:basalt":12,"minecraft:oak_fence":3,"minecraft:crafting_table":7,"minecraft:rose_bush":1,"minecraft:tall_grass":3,"minecraft:diorite":1,"minecraft:birch_planks":13,"minecraft:coarse_dirt":2,"minecraft:spruce_log":34,"minecraft:dark_prismarine_slab":1,"minecraft:coal_ore":86,"minecraft:gravel":4,"minecraft:gray_carpet":1,"minecraft:cobweb":2,"minecraft:acacia_planks":15,"minecraft:small_dripleaf":1,"minecraft:waxed_exposed_cut_copper":1},"minecraft:crafted":{"minecraft:oak_planks":272,"minecraft:cooked_chicken":6,"minecraft:iron_boots":1,"minecraft:chest":2,"minecraft:crafting_table":6,"minecraft:spruce_planks":20,"minecraft:wooden_pickaxe":3,"minecraft:iron_helmet":1,"minecraft:birch_planks":40,"minecraft:iron_chestplate":1,"minecraft:shield":2,"minecraft:stick":224,"minecraft:iron_ingot":24,"minecraft:iron_pickaxe":3,"minecraft:stone_sword":1,"minecraft:gold_ingot":9,"minecraft:wooden_sword":1,"minecraft:fishing_rod":1,"minecraft:furnace":2,"minecraft:iron_axe":2,"minecraft:stone_pickaxe":1,"minecraft:dark_oak_planks":20,"minecraft:cooked_beef":5,"minecraft:iron_sword":1,"minecraft:stone_axe":1,"minecraft:air":0,"minecraft:jungle_planks":4,"minecraft:oak_boat":1,"minecraft:gold_nugget":9,"minecraft:warped_fungus_on_a_stick":1,"minecraft:wooden_axe":1,"minecraft:iron_leggings":1,"minecraft:torch":244},"minecraft:picked_up":{"minecraft:iron_chestplate":4,"minecraft:anvil":1,"minecraft:suspicious_stew":1,"minecraft:diamond_sword":6,"minecraft:birch_button":2,"minecraft:golden_shovel":1,"minecraft:stone_brick_stairs":1,"minecraft:waxed_cut_copper_slab":5,"minecraft:string":33,"minecraft:iron_leggings":4,"minecraft:shroomlight":1,"minecraft:oak_sign":3,"minecraft:activator_rail":2,"minecraft:gold_nugget":5,"minecraft:cobbled_deepslate":7,"minecraft:comparator":1,"minecraft:spruce_planks":2,"minecraft:waxed_exposed_cut_copper":3,"minecraft:iron_pickaxe":1,"minecraft:iron_boots":3,"minecraft:stick":13,"minecraft:acacia_fence":2,"minecraft:big_dripleaf":5,"minecraft:oak_fence":4,"minecraft:torch":23,"minecraft:acacia_log":4,"minecraft:porkchop":17,"minecraft:diorite":1,"minecraft:cauldron":1,"minecraft:goat_horn":1,"minecraft:rotten_flesh":51,"minecraft:waxed_cut_copper":7,"minecraft:obsidian":1,"minecraft:cobblestone":103,"minecraft:birch_log":10,"minecraft:magma_block":24,"minecraft:feather":6,"minecraft:cooked_beef":10,"minecraft:andesite":3,"minecraft:jungle_log":1,"minecraft:potato":2,"minecraft:dirt":14,"minecraft:bone":29,"minecraft:acacia_planks":18,"minecraft:bow":1,"minecraft:wheat_seeds":1,"minecraft:raw_gold":1,"minecraft:powered_rail":3,"minecraft:moss_block":10,"minecraft:oak_planks":68,"minecraft:black_terracotta":12,"minecraft:cooked_porkchop":5,"minecraft:sand":11,"minecraft:stripped_spruce_log":5,"minecraft:acacia_stairs":1,"minecraft:spectral_arrow":20,"minecraft:dark_oak_log":10,"minecraft:mossy_cobblestone":5,"minecraft:dark_prismarine_slab":1,"minecraft:dispenser":3,"minecraft:snout_armor_trim_smithing_template":1,"minecraft:diamond":16,"minecraft:polished_blackstone_button":1,"minecraft:cracked_polished_blackstone_bricks":7,"minecraft:crossbow":1,"minecraft:netherrack":199,"minecraft:crimson_roots":12,"minecraft:diamond_pickaxe":2,"minecraft:crafting_table":7,"minecraft:waxed_oxidized_cut_copper":11,"minecraft:coarse_dirt":3,"minecraft:splash_potion":2,"minecraft:chicken":6,"minecraft:clay_ball":28,"minecraft:turtle_helmet":1,"minecraft:chest_minecart":1,"minecraft:wooden_pickaxe":2,"minecraft:cooked_rabbit":1,"gravestone:obituary":14,"minecraft:shield":2,"minecraft:moss_carpet":11,"minecraft:iron_axe":1,"minecraft:item_frame":2,"minecraft:compass":2,"minecraft:iron_shovel":1,"alexscaves:dinosaur_chop":1,"minecraft:blackstone":10,"minecraft:beef":5,"minecraft:oak_boat":1,"minecraft:player_head":1,"minecraft:iron_nugget":16,"minecraft:spruce_slab":5,"minecraft:tinted_glass":8,"minecraft:chest":2,"minecraft:spruce_trapdoor":4,"minecraft:egg":11,"minecraft:raw_iron":29,"minecraft:fire_charge":2,"minecraft:polished_blackstone_bricks":50,"minecraft:purple_terracotta":6,"minecraft:dark_oak_planks":38,"minecraft:tnt":1,"minecraft:arrow":39,"minecraft:pumpkin_pie":1,"minecraft:peony":1,"minecraft:waxed_oxidized_cut_copper_stairs":1,"minecraft:gold_ingot":1,"minecraft:glow_berries":17,"minecraft:white_wool":5,"minecraft:rail":7,"minecraft:bone_block":2,"minecraft:mud_bricks":21,"minecraft:basalt":13,"minecraft:crimson_stem":2,"minecraft:leather":10,"minecraft:birch_planks":11,"minecraft:packed_mud":14,"minecraft:crimson_fungus":4,"minecraft:oak_log":68,"minecraft:nether_wart_block":7,"minecraft:gunpowder":1,"minecraft:cooked_mutton":12,"minecraft:light_blue_banner":3,"minecraft:gray_carpet":2,"minecraft:kelp":8,"minecraft:acacia_trapdoor":2,"minecraft:iron_ingot":71,"minecraft:cooked_chicken":1,"minecraft:iron_sword":1,"minecraft:oxidized_cut_copper":1,"minecraft:dark_oak_stairs":3,"minecraft:book":19,"minecraft:warped_fungus":2,"minecraft:quartz":14,"minecraft:gravel":13,"minecraft:spruce_log":33,"minecraft:spider_eye":2,"minecraft:pumpkin_seeds":2,"minecraft:stone_axe":1,"minecraft:chainmail_leggings":2,"minecraft:iron_helmet":2,"minecraft:stripped_jungle_wood":8,"minecraft:waxed_oxidized_cut_copper_slab":3,"minecraft:coal":101,"minecraft:ender_pearl":3},"minecraft:killed":{"minecraft:spider":6,"minecraft:skeleton":7,"minecraft:chicken":6,"minecraft:piglin":7,"minecraft:pig":4,"minecraft:zombie_villager":2,"minecraft:creeper":2,"minecraft:sheep":7,"minecraft:zombie":19,"minecraft:cow":3,"minecraft:rabbit":1,"minecraft:ravager":1,"minecraft:hoglin":8}},"DataVersion":3465}