{"stats":{"minecraft:used":{"minecraft:moss_block":1,"minecraft:waxed_exposed_cut_copper":8,"minecraft:iron_shovel":216,"minecraft:spruce_slab":1,"minecraft:chest":5,"minecraft:shield":19,"minecraft:oxidized_cut_copper":6,"minecraft:jungle_planks":3,"minecraft:spruce_boat":2,"minecraft:birch_sapling":1,"minecraft:blue_orchid":1,"minecraft:packed_mud":17,"minecraft:dark_oak_button":2,"minecraft:bow":5,"minecraft:dark_oak_boat":2,"minecraft:scaffolding":1,"minecraft:oak_sapling":18,"minecraft:furnace":4,"minecraft:cooked_cod":1,"minecraft:waxed_oxidized_cut_copper_slab":6,"minecraft:stone_pickaxe":179,"minecraft:oak_planks":11,"minecraft:wooden_pickaxe":85,"minecraft:sandstone":1,"minecraft:redstone_block":4,"minecraft:diamond_axe":5,"minecraft:golden_apple":8,"minecraft:glow_berries":22,"minecraft:sand":122,"minecraft:black_bed":2,"minecraft:sticky_piston":1,"minecraft:black_terracotta":2,"minecraft:bread":17,"minecraft:oak_pressure_plate":1,"minecraft:gravel":14,"minecraft:diamond_sword":516,"minecraft:wooden_sword":4,"minecraft:waxed_cut_copper_stairs":3,"minecraft:iron_bars":1,"minecraft:enchanting_table":1,"minecraft:stone_sword":36,"minecraft:stone_shovel":131,"minecraft:spruce_planks":27,"minecraft:tinted_glass":10,"minecraft:wooden_shovel":13,"minecraft:cooked_chicken":3,"minecraft:torch":246,"minecraft:dirt":61,"minecraft:anvil":1,"minecraft:dark_oak_planks":53,"minecraft:wooden_axe":38,"minecraft:waxed_cut_copper":8,"minecraft:iron_axe":162,"minecraft:mud_bricks":98,"minecraft:crimson_planks":3,"minecraft:barrel":3,"minecraft:waxed_cut_copper_slab":2,"minecraft:observer":1,"minecraft:water_bucket":1,"alexscaves:dinosaur_chop":1,"minecraft:birch_planks":16,"minecraft:mud_brick_slab":5,"minecraft:waxed_oxidized_cut_copper":23,"minecraft:dark_prismarine_slab":4,"minecraft:tnt":1,"minecraft:crafting_table":24,"minecraft:cod":4,"alexscaves:cooked_radgill":1,"minecraft:oak_log":7,"minecraft:dark_prismarine":3,"minecraft:diamond_pickaxe":250,"minecraft:iron_pickaxe":223,"minecraft:stone_axe":106,"minecraft:cobblestone":119,"minecraft:mud_brick_wall":1,"minecraft:cooked_porkchop":3,"minecraft:bucket":1,"minecraft:splash_potion":2},"minecraft:killed_by":{"alexscaves:forsaken":2,"minecraft:zombie":5,"alexscaves:tremorsaurus":1,"minecraft:player":8,"minecraft:spider":1,"alexscaves:vallumraptor":1,"minecraft:skeleton":12},"minecraft:killed":{"minecraft:spider":1,"minecraft:skeleton":20,"minecraft:pig":8,"minecraft:zombie_villager":1,"minecraft:creeper":1,"minecraft:sheep":3,"minecraft:pillager":1,"minecraft:zombie":36,"minecraft:glow_squid":1},"minecraft:crafted":{"minecraft:oak_planks":128,"minecraft:oak_pressure_plate":2,"minecraft:diamond_helmet":1,"minecraft:diamond_leggings":1,"minecraft:iron_boots":2,"minecraft:chest":2,"minecraft:cooked_porkchop":5,"minecraft:crafting_table":13,"minecraft:wooden_pickaxe":4,"minecraft:iron_helmet":2,"minecraft:gold_block":17,"minecraft:iron_chestplate":4,"minecraft:diamond_pickaxe":2,"minecraft:shield":2,"minecraft:stick":128,"minecraft:iron_ingot":78,"minecraft:iron_pickaxe":2,"minecraft:iron_block":17,"minecraft:gold_ingot":54,"minecraft:wooden_sword":1,"minecraft:stone_shovel":1,"minecraft:furnace":3,"minecraft:diamond_block":2,"minecraft:iron_axe":4,"minecraft:stone_pickaxe":2,"minecraft:diamond_boots":1,"minecraft:spruce_boat":1,"minecraft:dark_oak_planks":164,"minecraft:wheat":171,"minecraft:diamond_sword":3,"minecraft:enchanting_table":1,"minecraft:dark_oak_button":2,"minecraft:stone_axe":3,"minecraft:bread":57,"minecraft:air":0,"minecraft:golden_apple":5,"minecraft:wooden_axe":2,"minecraft:iron_shovel":2,"minecraft:iron_leggings":2,"minecraft:anvil":1,"minecraft:torch":180,"minecraft:diamond_chestplate":1},"minecraft:broken":{"minecraft:stone_pickaxe":1,"minecraft:stone_axe":1,"minecraft:stone_shovel":1,"minecraft:iron_pickaxe":1},"minecraft:dropped":{"minecraft:moss_block":1,"minecraft:glow_ink_sac":1,"minecraft:diamond":12,"minecraft:glow_item_frame":1,"minecraft:lantern":1,"minecraft:cod":2,"minecraft:item_frame":1,"minecraft:emerald":54,"minecraft:packed_mud":4,"minecraft:redstone_lamp":1,"minecraft:dark_oak_fence":1,"minecraft:mutton":3,"gravestone:obituary":20,"minecraft:jungle_sign":4,"minecraft:sand":5,"minecraft:dark_oak_planks":28,"minecraft:birch_log":5,"minecraft:white_wool":5,"minecraft:cyan_carpet":4,"minecraft:bone":1,"minecraft:stone_axe":1,"minecraft:blackstone":9,"minecraft:waxed_cut_copper_stairs":4,"minecraft:emerald_block":4,"minecraft:lever":6,"minecraft:tinted_glass":3,"minecraft:rotten_flesh":45,"minecraft:oak_planks":12,"minecraft:oak_fence_gate":3,"minecraft:oak_wood":2,"minecraft:stone_brick_wall":1,"minecraft:spruce_slab":13,"minecraft:arrow":1,"minecraft:beef":1,"minecraft:bread":22,"minecraft:iron_ingot":65,"minecraft:wheat_seeds":2,"minecraft:diamond_leggings":1,"minecraft:cobblestone":3,"minecraft:dark_prismarine_slab":8,"minecraft:coal":14,"minecraft:golden_apple":16,"minecraft:stick":4,"minecraft:oxeye_daisy":1,"minecraft:jungle_slab":1,"minecraft:mud_brick_wall":1,"minecraft:diorite":1,"minecraft:torch":1,"minecraft:wooden_axe":2,"minecraft:diamond_helmet":2,"minecraft:polished_blackstone_brick_slab":4,"minecraft:iron_axe":1,"minecraft:lily_pad":6,"minecraft:dandelion":3,"minecraft:redstone":1,"minecraft:moss_carpet":2,"minecraft:oak_trapdoor":1,"minecraft:player_head":1,"minecraft:waxed_exposed_cut_copper":5,"minecraft:spruce_fence":2,"minecraft:diamond_sword":2,"minecraft:flower_pot":1,"minecraft:diamond_chestplate":1,"minecraft:spruce_planks":3,"minecraft:diamond_pickaxe":1,"minecraft:spider_eye":2,"minecraft:diamond_boots":1,"minecraft:purple_candle":3,"minecraft:stone_pickaxe":7,"minecraft:wooden_pickaxe":5,"minecraft:quartz_slab":8},"minecraft:mined":{"minecraft:dark_oak_planks":17,"minecraft:waxed_cut_copper_slab":4,"minecraft:dark_prismarine_stairs":7,"minecraft:spruce_planks":32,"minecraft:black_terracotta":14,"minecraft:granite":23,"minecraft:grass_block":49,"minecraft:polished_blackstone_brick_slab":2,"minecraft:mud_brick_wall":6,"minecraft:mud_bricks":109,"minecraft:spawner":2,"minecraft:dark_oak_trapdoor":1,"minecraft:iron_ore":23,"minecraft:barrel":1,"minecraft:moss_carpet":4,"minecraft:enchanting_table":1,"minecraft:green_stained_glass":1,"minecraft:dark_oak_stairs":2,"minecraft:cave_vines":1,"minecraft:flowering_azalea_leaves":2,"minecraft:iron_bars":1,"minecraft:quartz_slab":1,"minecraft:green_carpet":1,"minecraft:blue_orchid":1,"minecraft:player_head":3,"minecraft:spruce_slab":5,"minecraft:waxed_cut_copper":18,"minecraft:waxed_cut_copper_stairs":5,"minecraft:deepslate_redstone_ore":4,"minecraft:brown_mushroom":11,"minecraft:blackstone":1,"minecraft:soul_lantern":1,"alexscaves:dinosaur_chop":1,"minecraft:torch":18,"minecraft:chest":3,"minecraft:cobblestone":2,"minecraft:cyan_bed":1,"minecraft:sugar_cane":10,"minecraft:oak_planks":2,"minecraft:iron_door":1,"minecraft:wall_torch":11,"minecraft:skeleton_skull":1,"minecraft:tinted_glass":21,"minecraft:birch_log":5,"minecraft:waxed_oxidized_cut_copper_stairs":3,"minecraft:lilac":4,"minecraft:jukebox":1,"minecraft:black_bed":1,"minecraft:tnt":4,"minecraft:smooth_stone_slab":1,"minecraft:grass":13,"minecraft:oak_log":39,"minecraft:waxed_oxidized_copper":1,"minecraft:sand":144,"minecraft:dirt":199,"minecraft:crimson_planks":5,"minecraft:tripwire_hook":2,"minecraft:dispenser":3,"minecraft:oak_leaves":141,"minecraft:redstone_lamp":1,"minecraft:dark_prismarine":16,"minecraft:red_carpet":3,"minecraft:mossy_cobblestone":18,"minecraft:dark_oak_leaves":13,"minecraft:stripped_mangrove_log":1,"minecraft:dark_oak_log":73,"minecraft:potted_flowering_azalea_bush":1,"minecraft:purple_candle":1,"minecraft:glow_lichen":4,"gravestone:gravestone":40,"minecraft:dark_oak_fence":1,"minecraft:purple_terracotta":9,"minecraft:spruce_fence":2,"minecraft:jungle_planks":4,"minecraft:stripped_jungle_wood":1,"minecraft:mangrove_trapdoor":1,"minecraft:spruce_leaves":1,"minecraft:moss_block":3,"minecraft:sandstone":1,"minecraft:hay_block":21,"minecraft:oak_trapdoor":1,"minecraft:waxed_oxidized_cut_copper":32,"minecraft:furnace":4,"minecraft:packed_mud":40,"minecraft:waxed_oxidized_cut_copper_slab":5,"minecraft:andesite":5,"minecraft:diamond_block":1,"minecraft:peony":1,"minecraft:gold_block":1,"minecraft:bookshelf":4,"minecraft:deepslate_iron_ore":8,"minecraft:rail":3,"minecraft:stone":172,"minecraft:ender_chest":1,"minecraft:mud_brick_slab":8,"minecraft:oak_slab":1,"minecraft:flowering_azalea":2,"minecraft:scaffolding":1,"minecraft:mangrove_stairs":1,"minecraft:redstone_block":1,"minecraft:comparator":1,"minecraft:lily_of_the_valley":1,"minecraft:crafting_table":13,"minecraft:lectern":2,"minecraft:copper_ore":19,"minecraft:tall_grass":5,"minecraft:lapis_ore":8,"minecraft:diorite":2,"minecraft:spruce_log":4,"minecraft:birch_leaves":23,"minecraft:dark_prismarine_slab":6,"minecraft:coal_ore":89,"minecraft:dark_oak_button":2,"minecraft:gravel":1,"minecraft:gray_carpet":1,"minecraft:small_dripleaf":5,"minecraft:waxed_exposed_cut_copper":10,"minecraft:fern":5},"minecraft:custom":{"minecraft:interact_with_crafting_table":72,"minecraft:open_barrel":70,"minecraft:leave_game":6,"minecraft:time_since_death":28974,"minecraft:sprint_one_cm":440274,"minecraft:damage_blocked_by_shield":1280,"minecraft:drop":168,"minecraft:talked_to_villager":4,"minecraft:play_time":393081,"minecraft:deaths":41,"minecraft:jump":2868,"minecraft:interact_with_brewingstand":1,"minecraft:walk_on_water_one_cm":104922,"minecraft:interact_with_furnace":17,"minecraft:interact_with_cartography_table":1,"minecraft:interact_with_loom":1,"minecraft:open_enderchest":1,"minecraft:damage_dealt":13296,"minecraft:player_kills":8,"minecraft:crouch_one_cm":31331,"minecraft:interact_with_smoker":12,"minecraft:interact_with_smithing_table":1,"minecraft:interact_with_anvil":5,"minecraft:mob_kills":73,"minecraft:climb_one_cm":27114,"minecraft:walk_one_cm":1259644,"minecraft:sneak_time":17448,"minecraft:walk_under_water_one_cm":69912,"minecraft:boat_one_cm":299612,"minecraft:total_world_time":393081,"minecraft:tune_noteblock":8,"minecraft:time_since_rest":29183,"minecraft:damage_taken":14302,"minecraft:damage_absorbed":40,"minecraft:fly_one_cm":112600,"minecraft:open_chest":119,"minecraft:fall_one_cm":83405},"minecraft:picked_up":{"minecraft:wooden_axe":2,"minecraft:redstone_block":4,"minecraft:flower_pot":2,"minecraft:diamond_sword":2,"minecraft:crimson_planks":6,"minecraft:polished_deepslate":4,"minecraft:dark_oak_trapdoor":2,"minecraft:waxed_cut_copper_slab":10,"minecraft:raw_copper":63,"minecraft:sticky_piston":1,"minecraft:iron_leggings":2,"minecraft:armor_stand":2,"minecraft:spruce_planks":45,"minecraft:waxed_exposed_cut_copper":17,"minecraft:rose_bush":3,"minecraft:iron_pickaxe":2,"minecraft:azalea":1,"minecraft:wooden_shovel":1,"minecraft:furnace":3,"minecraft:polished_blackstone_brick_slab":4,"minecraft:stick":18,"minecraft:acacia_fence":3,"minecraft:jukebox":1,"minecraft:big_dripleaf":4,"minecraft:torch":58,"minecraft:porkchop":29,"minecraft:lightning_rod":1,"minecraft:diorite":2,"minecraft:goat_horn":1,"minecraft:brown_carpet":2,"minecraft:waxed_cut_copper_stairs":8,"minecraft:mangrove_stairs":1,"minecraft:rotten_flesh":56,"minecraft:iron_block":7,"minecraft:waxed_cut_copper":18,"minecraft:obsidian":8,"minecraft:iron_bars":1,"minecraft:cobblestone":181,"minecraft:birch_log":10,"minecraft:enchanting_table":1,"minecraft:lilac":3,"minecraft:iron_door":1,"minecraft:andesite":5,"minecraft:black_bed":3,"minecraft:dark_oak_boat":2,"minecraft:potato":1,"minecraft:warped_trapdoor":1,"minecraft:lapis_lazuli":50,"minecraft:dirt":223,"minecraft:lantern":1,"minecraft:bone":27,"minecraft:bow":2,"minecraft:wheat_seeds":2,"minecraft:diamond_helmet":1,"minecraft:moss_block":4,"minecraft:oak_planks":130,"minecraft:black_terracotta":15,"minecraft:oak_pressure_plate":1,"minecraft:jungle_planks":24,"minecraft:sand":237,"minecraft:diamond_block":1,"minecraft:cyan_bed":1,"minecraft:jungle_slab":2,"minecraft:dark_oak_log":74,"minecraft:barrel":1,"minecraft:mossy_cobblestone":17,"minecraft:dark_prismarine":3,"minecraft:dark_prismarine_slab":14,"minecraft:dispenser":3,"minecraft:diamond":37,"minecraft:spruce_boat":2,"minecraft:soul_lantern":1,"minecraft:lever":8,"minecraft:granite":24,"minecraft:golden_apple":3,"minecraft:emerald":54,"minecraft:oak_sapling":21,"minecraft:light_gray_carpet":1,"minecraft:dark_oak_fence":1,"minecraft:diamond_pickaxe":1,"minecraft:crafting_table":13,"minecraft:waxed_oxidized_cut_copper":29,"minecraft:mud_brick_slab":11,"minecraft:splash_potion":1,"minecraft:ladder":3,"minecraft:turtle_helmet":2,"minecraft:redstone_lamp":8,"minecraft:brown_mushroom":11,"minecraft:wooden_pickaxe":2,"minecraft:stone_brick_wall":2,"minecraft:crimson_trapdoor":3,"gravestone:obituary":22,"minecraft:shield":1,"minecraft:stripped_mangrove_log":1,"minecraft:oak_trapdoor":1,"minecraft:moss_carpet":18,"minecraft:iron_axe":3,"minecraft:item_frame":6,"minecraft:quartz_slab":8,"minecraft:blackstone":9,"minecraft:cyan_carpet":5,"minecraft:blue_orchid":1,"minecraft:dark_prismarine_stairs":6,"minecraft:player_head":5,"minecraft:observer":1,"minecraft:chest":3,"minecraft:spruce_slab":14,"minecraft:lectern":2,"minecraft:tinted_glass":36,"minecraft:sugar_cane":41,"minecraft:birch_sapling":1,"minecraft:spruce_trapdoor":3,"minecraft:waxed_oxidized_copper":1,"minecraft:raw_iron":33,"minecraft:sandstone":1,"minecraft:glow_item_frame":5,"minecraft:music_disc_mellohi":1,"minecraft:spruce_fence":2,"minecraft:redstone":18,"minecraft:purple_terracotta":6,"minecraft:mangrove_trapdoor":1,"minecraft:jungle_sign":4,"minecraft:dark_oak_planks":92,"minecraft:tnt":3,"minecraft:purple_candle":6,"minecraft:arrow":44,"minecraft:peony":1,"minecraft:hay_block":19,"minecraft:waxed_oxidized_cut_copper_stairs":2,"minecraft:gold_ingot":33,"minecraft:glow_berries":8,"minecraft:skeleton_skull":1,"minecraft:white_wool":4,"minecraft:rail":9,"minecraft:oxeye_daisy":1,"minecraft:mud_bricks":124,"minecraft:dark_oak_button":2,"minecraft:salmon":1,"minecraft:blackstone_slab":4,"minecraft:birch_planks":89,"minecraft:packed_mud":62,"minecraft:oak_log":39,"minecraft:lily_pad":6,"minecraft:gunpowder":1,"minecraft:apple":5,"minecraft:acacia_trapdoor":1,"minecraft:oak_fence_gate":3,"minecraft:iron_ingot":238,"minecraft:stone_pickaxe":6,"minecraft:cooked_chicken":3,"minecraft:flowering_azalea":3,"minecraft:oxidized_cut_copper":1,"minecraft:dark_oak_stairs":4,"minecraft:book":182,"minecraft:scaffolding":2,"minecraft:emerald_block":4,"minecraft:dandelion":3,"minecraft:gravel":1,"minecraft:mud_brick_wall":7,"minecraft:spruce_log":6,"minecraft:oak_wood":2,"minecraft:stone_axe":1,"minecraft:chainmail_leggings":3,"minecraft:stripped_jungle_wood":8,"minecraft:waxed_oxidized_cut_copper_slab":6,"minecraft:coal":111}},"DataVersion":3465}