{"stats":{"minecraft:killed_by":{"alexscaves:tremorsaurus":1,"minecraft:player":6,"alexscaves:forsaken":2,"alexscaves:vallumraptor":1,"minecraft:skeleton":9},"minecraft:picked_up":{"minecraft:wooden_axe":2,"minecraft:waxed_oxidized_cut_copper":4,"minecraft:mud_brick_slab":11,"minecraft:crafting_table":10,"minecraft:splash_potion":1,"minecraft:ladder":3,"minecraft:turtle_helmet":1,"minecraft:redstone_lamp":8,"minecraft:brown_mushroom":11,"minecraft:wooden_pickaxe":2,"gravestone:obituary":14,"minecraft:raw_copper":63,"minecraft:waxed_cut_copper_slab":10,"minecraft:dark_oak_trapdoor":1,"minecraft:moss_carpet":3,"minecraft:iron_axe":1,"minecraft:armor_stand":2,"minecraft:cyan_carpet":5,"minecraft:blue_orchid":1,"minecraft:dark_prismarine_stairs":6,"minecraft:spruce_planks":2,"minecraft:waxed_exposed_cut_copper":16,"minecraft:lectern":2,"minecraft:rose_bush":3,"minecraft:chest":2,"minecraft:player_head":3,"minecraft:azalea":1,"minecraft:wooden_shovel":1,"minecraft:iron_pickaxe":2,"minecraft:tinted_glass":6,"minecraft:sugar_cane":41,"minecraft:birch_sapling":1,"minecraft:spruce_trapdoor":2,"minecraft:furnace":3,"minecraft:stick":17,"minecraft:raw_iron":33,"minecraft:sandstone":1,"minecraft:acacia_fence":2,"minecraft:glow_item_frame":3,"minecraft:big_dripleaf":4,"minecraft:torch":50,"minecraft:porkchop":27,"minecraft:lightning_rod":1,"minecraft:diorite":2,"minecraft:redstone":18,"minecraft:goat_horn":1,"minecraft:dark_oak_planks":67,"minecraft:waxed_cut_copper_stairs":8,"minecraft:arrow":14,"minecraft:rotten_flesh":7,"minecraft:waxed_cut_copper":18,"minecraft:glow_berries":4,"minecraft:rail":5,"minecraft:cobblestone":172,"minecraft:birch_log":5,"minecraft:mud_bricks":100,"minecraft:lilac":2,"minecraft:andesite":5,"minecraft:birch_planks":89,"minecraft:packed_mud":51,"minecraft:oak_log":17,"minecraft:dirt":223,"minecraft:bone":8,"minecraft:apple":4,"minecraft:wheat_seeds":2,"minecraft:iron_ingot":102,"minecraft:stone_pickaxe":1,"minecraft:diamond_helmet":1,"minecraft:moss_block":2,"minecraft:oxidized_cut_copper":1,"minecraft:flowering_azalea":2,"minecraft:oak_planks":52,"minecraft:dark_oak_stairs":4,"minecraft:book":170,"minecraft:scaffolding":2,"minecraft:black_terracotta":6,"minecraft:emerald_block":4,"minecraft:gravel":1,"minecraft:sand":217,"minecraft:spruce_log":6,"minecraft:cyan_bed":1,"minecraft:barrel":1,"minecraft:dark_oak_log":74,"minecraft:mossy_cobblestone":17,"minecraft:dark_prismarine":3,"minecraft:dark_prismarine_slab":2,"minecraft:diamond":29,"minecraft:stone_axe":1,"minecraft:lever":3,"minecraft:chainmail_leggings":1,"minecraft:granite":24,"minecraft:emerald":54,"minecraft:oak_sapling":13,"minecraft:coal":89,"minecraft:diamond_pickaxe":1},"minecraft:mined":{"minecraft:dark_prismarine_stairs":7,"minecraft:dark_prismarine":5,"minecraft:waxed_cut_copper_slab":4,"minecraft:red_carpet":1,"minecraft:spruce_planks":2,"minecraft:mossy_cobblestone":18,"minecraft:dark_oak_leaves":13,"minecraft:black_terracotta":6,"minecraft:dark_oak_log":73,"minecraft:glow_lichen":2,"gravestone:gravestone":25,"minecraft:granite":23,"minecraft:grass_block":49,"minecraft:spruce_leaves":1,"minecraft:mud_bricks":94,"minecraft:moss_block":2,"minecraft:sandstone":1,"minecraft:packed_mud":35,"minecraft:waxed_oxidized_cut_copper":5,"minecraft:furnace":4,"minecraft:barrel":1,"minecraft:iron_ore":23,"minecraft:andesite":5,"minecraft:moss_carpet":2,"minecraft:dark_oak_stairs":2,"minecraft:bookshelf":4,"minecraft:deepslate_iron_ore":8,"minecraft:flowering_azalea_leaves":2,"minecraft:rail":3,"minecraft:blue_orchid":1,"minecraft:stone":168,"minecraft:waxed_cut_copper":16,"minecraft:waxed_cut_copper_stairs":5,"minecraft:deepslate_redstone_ore":4,"minecraft:mud_brick_slab":2,"minecraft:scaffolding":1,"minecraft:flowering_azalea":1,"minecraft:brown_mushroom":11,"minecraft:crafting_table":10,"alexscaves:dinosaur_chop":1,"minecraft:torch":14,"minecraft:chest":2,"minecraft:lectern":2,"minecraft:copper_ore":19,"minecraft:tall_grass":5,"minecraft:cobblestone":2,"minecraft:cyan_bed":1,"minecraft:oak_planks":1,"minecraft:sugar_cane":10,"minecraft:diorite":2,"minecraft:wall_torch":8,"minecraft:birch_log":5,"minecraft:tinted_glass":2,"minecraft:lilac":3,"minecraft:spruce_log":4,"minecraft:birch_leaves":23,"minecraft:dark_prismarine_slab":2,"minecraft:grass":10,"minecraft:oak_log":17,"minecraft:coal_ore":67,"minecraft:gravel":1,"minecraft:sand":144,"minecraft:dirt":199,"minecraft:small_dripleaf":3,"minecraft:waxed_exposed_cut_copper":10,"minecraft:oak_leaves":108,"minecraft:fern":5,"minecraft:redstone_lamp":1,"minecraft:dark_oak_planks":5},"minecraft:killed":{"minecraft:spider":1,"minecraft:skeleton":3,"minecraft:pig":7,"minecraft:creeper":1,"minecraft:zombie":7},"minecraft:crafted":{"minecraft:wooden_sword":1,"minecraft:stone_shovel":1,"minecraft:furnace":3,"minecraft:diamond_helmet":1,"minecraft:diamond_leggings":1,"minecraft:iron_axe":3,"minecraft:stone_pickaxe":2,"minecraft:chest":2,"minecraft:diamond_boots":1,"minecraft:dark_oak_planks":164,"minecraft:diamond_sword":2,"minecraft:cooked_porkchop":5,"minecraft:crafting_table":10,"minecraft:wooden_pickaxe":4,"minecraft:dark_oak_button":2,"minecraft:stone_axe":3,"minecraft:air":0,"minecraft:iron_chestplate":2,"minecraft:diamond_pickaxe":1,"minecraft:shield":1,"minecraft:stick":104,"minecraft:iron_ingot":6,"minecraft:iron_pickaxe":2,"minecraft:wooden_axe":2,"minecraft:iron_shovel":1,"minecraft:torch":136,"minecraft:diamond_chestplate":1},"minecraft:custom":{"minecraft:mob_kills":20,"minecraft:interact_with_crafting_table":42,"minecraft:open_barrel":3,"minecraft:time_since_death":27956,"minecraft:climb_one_cm":1517,"minecraft:sprint_one_cm":214761,"minecraft:walk_one_cm":540320,"minecraft:drop":55,"minecraft:play_time":166901,"minecraft:sneak_time":5744,"minecraft:deaths":26,"minecraft:walk_under_water_one_cm":18910,"minecraft:jump":1639,"minecraft:walk_on_water_one_cm":41514,"minecraft:total_world_time":166901,"minecraft:interact_with_furnace":17,"minecraft:interact_with_loom":1,"minecraft:time_since_rest":27992,"minecraft:damage_taken":8079,"minecraft:damage_dealt":4844,"minecraft:player_kills":7,"minecraft:fly_one_cm":71435,"minecraft:open_chest":28,"minecraft:crouch_one_cm":14835,"minecraft:interact_with_smoker":1,"minecraft:fall_one_cm":49136},"minecraft:broken":{"minecraft:stone_pickaxe":1,"minecraft:stone_axe":1,"minecraft:iron_pickaxe":1,"minecraft:stone_shovel":1},"minecraft:used":{"minecraft:waxed_exposed_cut_copper":8,"minecraft:iron_shovel":216,"minecraft:stone_sword":36,"minecraft:stone_shovel":131,"minecraft:chest":2,"minecraft:wooden_shovel":13,"minecraft:oxidized_cut_copper":6,"minecraft:torch":123,"minecraft:dirt":61,"minecraft:dark_oak_planks":41,"minecraft:wooden_axe":38,"minecraft:waxed_cut_copper":4,"minecraft:iron_axe":54,"minecraft:blue_orchid":1,"minecraft:birch_sapling":1,"minecraft:packed_mud":17,"minecraft:mud_bricks":80,"minecraft:waxed_cut_copper_slab":2,"minecraft:scaffolding":1,"minecraft:oak_sapling":13,"minecraft:furnace":4,"alexscaves:dinosaur_chop":1,"minecraft:birch_planks":16,"minecraft:oak_planks":1,"minecraft:stone_pickaxe":179,"minecraft:mud_brick_slab":5,"minecraft:wooden_pickaxe":85,"minecraft:sandstone":1,"minecraft:glow_berries":6,"minecraft:sand":109,"minecraft:crafting_table":16,"minecraft:oak_log":1,"minecraft:dark_prismarine":3,"minecraft:diamond_pickaxe":67,"minecraft:iron_pickaxe":223,"minecraft:gravel":14,"minecraft:stone_axe":106,"minecraft:diamond_sword":1,"minecraft:wooden_sword":4,"minecraft:cobblestone":119,"minecraft:cooked_porkchop":3,"minecraft:waxed_cut_copper_stairs":3,"minecraft:moss_block":1},"minecraft:dropped":{"minecraft:iron_ingot":64,"minecraft:wheat_seeds":2,"minecraft:diamond":12,"minecraft:diamond_leggings":1,"minecraft:coal":14,"minecraft:golden_apple":2,"minecraft:stick":2,"minecraft:emerald":54,"minecraft:packed_mud":1,"minecraft:redstone_lamp":1,"minecraft:diorite":1,"minecraft:torch":1,"minecraft:wooden_axe":2,"minecraft:diamond_helmet":2,"gravestone:obituary":14,"minecraft:sand":5,"minecraft:dark_oak_planks":27,"minecraft:cyan_carpet":4,"minecraft:stone_axe":1,"minecraft:waxed_cut_copper_stairs":4,"minecraft:emerald_block":4,"minecraft:lever":3,"minecraft:rotten_flesh":1,"minecraft:waxed_exposed_cut_copper":5,"minecraft:diamond_chestplate":1,"minecraft:diamond_pickaxe":1,"minecraft:spider_eye":2,"minecraft:diamond_boots":1,"minecraft:wooden_pickaxe":5,"minecraft:stone_pickaxe":2}},"DataVersion":3465}