{"stats":{"minecraft:used":{"minecraft:waxed_exposed_cut_copper":8,"minecraft:stone_sword":36,"minecraft:iron_shovel":216,"minecraft:stone_shovel":131,"minecraft:wooden_shovel":13,"minecraft:oxidized_cut_copper":6,"minecraft:torch":118,"minecraft:dirt":61,"minecraft:dark_oak_planks":39,"minecraft:wooden_axe":38,"minecraft:iron_axe":15,"minecraft:packed_mud":17,"minecraft:mud_bricks":80,"minecraft:waxed_cut_copper_slab":2,"minecraft:furnace":4,"minecraft:oak_sapling":1,"alexscaves:dinosaur_chop":1,"minecraft:birch_planks":16,"minecraft:stone_pickaxe":179,"minecraft:mud_brick_slab":5,"minecraft:wooden_pickaxe":85,"minecraft:sandstone":1,"minecraft:glow_berries":6,"minecraft:sand":109,"minecraft:crafting_table":15,"minecraft:oak_log":1,"minecraft:dark_prismarine":3,"minecraft:diamond_pickaxe":51,"minecraft:iron_pickaxe":223,"minecraft:gravel":14,"minecraft:stone_axe":106,"minecraft:wooden_sword":4,"minecraft:cobblestone":119,"minecraft:cooked_porkchop":3,"minecraft:waxed_cut_copper_stairs":3},"minecraft:crafted":{"minecraft:wooden_sword":1,"minecraft:stone_shovel":1,"minecraft:furnace":3,"minecraft:diamond_helmet":1,"minecraft:diamond_leggings":1,"minecraft:iron_axe":3,"minecraft:stone_pickaxe":2,"minecraft:diamond_boots":1,"minecraft:dark_oak_planks":164,"minecraft:cooked_porkchop":5,"minecraft:crafting_table":9,"minecraft:wooden_pickaxe":4,"minecraft:dark_oak_button":2,"minecraft:stone_axe":3,"minecraft:air":0,"minecraft:iron_chestplate":1,"minecraft:diamond_pickaxe":1,"minecraft:shield":1,"minecraft:stick":104,"minecraft:iron_ingot":6,"minecraft:iron_pickaxe":2,"minecraft:wooden_axe":2,"minecraft:iron_shovel":1,"minecraft:torch":136,"minecraft:diamond_chestplate":1},"minecraft:picked_up":{"minecraft:wooden_axe":2,"minecraft:waxed_oxidized_cut_copper":4,"minecraft:mud_brick_slab":11,"minecraft:crafting_table":10,"minecraft:splash_potion":1,"minecraft:ladder":3,"minecraft:turtle_helmet":1,"minecraft:redstone_lamp":8,"minecraft:brown_mushroom":11,"minecraft:wooden_pickaxe":2,"gravestone:obituary":14,"minecraft:dark_oak_trapdoor":1,"minecraft:moss_carpet":3,"minecraft:waxed_cut_copper_slab":10,"minecraft:raw_copper":63,"minecraft:iron_axe":1,"minecraft:armor_stand":2,"minecraft:cyan_carpet":5,"minecraft:spruce_planks":2,"minecraft:dark_prismarine_stairs":6,"minecraft:waxed_exposed_cut_copper":15,"minecraft:rose_bush":3,"minecraft:player_head":3,"minecraft:azalea":1,"minecraft:wooden_shovel":1,"minecraft:iron_pickaxe":2,"minecraft:tinted_glass":6,"minecraft:sugar_cane":41,"minecraft:spruce_trapdoor":2,"minecraft:furnace":3,"minecraft:raw_iron":33,"minecraft:stick":7,"minecraft:sandstone":1,"minecraft:acacia_fence":2,"minecraft:glow_item_frame":3,"minecraft:big_dripleaf":4,"minecraft:torch":49,"minecraft:porkchop":27,"minecraft:lightning_rod":1,"minecraft:diorite":2,"minecraft:redstone":18,"minecraft:goat_horn":1,"minecraft:dark_oak_planks":60,"minecraft:waxed_cut_copper_stairs":8,"minecraft:arrow":14,"minecraft:rotten_flesh":7,"minecraft:waxed_cut_copper":10,"minecraft:glow_berries":4,"minecraft:rail":5,"minecraft:cobblestone":172,"minecraft:mud_bricks":97,"minecraft:lilac":1,"minecraft:andesite":5,"minecraft:birch_planks":89,"minecraft:packed_mud":48,"minecraft:oak_log":2,"minecraft:dirt":223,"minecraft:bone":8,"minecraft:wheat_seeds":2,"minecraft:stone_pickaxe":1,"minecraft:iron_ingot":102,"minecraft:diamond_helmet":1,"minecraft:moss_block":1,"minecraft:flowering_azalea":2,"minecraft:oxidized_cut_copper":1,"minecraft:oak_planks":31,"minecraft:dark_oak_stairs":4,"minecraft:book":167,"minecraft:scaffolding":1,"minecraft:black_terracotta":2,"minecraft:emerald_block":4,"minecraft:gravel":1,"minecraft:sand":217,"minecraft:spruce_log":6,"minecraft:cyan_bed":1,"minecraft:dark_oak_log":74,"minecraft:mossy_cobblestone":17,"minecraft:dark_prismarine":3,"minecraft:dark_prismarine_slab":2,"minecraft:stone_axe":1,"minecraft:diamond":29,"minecraft:lever":3,"minecraft:chainmail_leggings":1,"minecraft:granite":24,"minecraft:emerald":54,"minecraft:oak_sapling":1,"minecraft:coal":89,"minecraft:diamond_pickaxe":1},"minecraft:killed_by":{"alexscaves:tremorsaurus":1,"minecraft:player":6,"alexscaves:forsaken":2,"alexscaves:vallumraptor":1,"minecraft:skeleton":9},"minecraft:broken":{"minecraft:stone_pickaxe":1,"minecraft:stone_axe":1,"minecraft:iron_pickaxe":1,"minecraft:stone_shovel":1},"minecraft:killed":{"minecraft:spider":1,"minecraft:skeleton":3,"minecraft:pig":7,"minecraft:creeper":1,"minecraft:zombie":7},"minecraft:custom":{"minecraft:mob_kills":20,"minecraft:open_barrel":1,"minecraft:interact_with_crafting_table":36,"minecraft:time_since_death":10793,"minecraft:climb_one_cm":479,"minecraft:sprint_one_cm":193953,"minecraft:walk_one_cm":470655,"minecraft:drop":53,"minecraft:play_time":149738,"minecraft:deaths":26,"minecraft:sneak_time":5744,"minecraft:walk_under_water_one_cm":18910,"minecraft:jump":1556,"minecraft:walk_on_water_one_cm":41400,"minecraft:total_world_time":149738,"minecraft:interact_with_furnace":17,"minecraft:interact_with_loom":1,"minecraft:time_since_rest":10829,"minecraft:damage_taken":8059,"minecraft:damage_dealt":4844,"minecraft:player_kills":7,"minecraft:fly_one_cm":67265,"minecraft:open_chest":14,"minecraft:crouch_one_cm":14835,"minecraft:fall_one_cm":47358},"minecraft:dropped":{"minecraft:wheat_seeds":2,"minecraft:diamond":12,"minecraft:diamond_leggings":1,"minecraft:coal":14,"minecraft:golden_apple":2,"minecraft:stick":2,"minecraft:emerald":54,"minecraft:redstone_lamp":1,"minecraft:diorite":1,"minecraft:wooden_axe":2,"minecraft:diamond_helmet":2,"gravestone:obituary":14,"minecraft:sand":5,"minecraft:dark_oak_planks":27,"minecraft:cyan_carpet":4,"minecraft:stone_axe":1,"minecraft:waxed_cut_copper_stairs":4,"minecraft:emerald_block":4,"minecraft:lever":3,"minecraft:rotten_flesh":1,"minecraft:waxed_exposed_cut_copper":5,"minecraft:diamond_chestplate":1,"minecraft:diamond_pickaxe":1,"minecraft:spider_eye":2,"minecraft:diamond_boots":1,"minecraft:wooden_pickaxe":5,"minecraft:stone_pickaxe":2,"minecraft:iron_ingot":64},"minecraft:mined":{"minecraft:dark_oak_planks":3,"minecraft:waxed_cut_copper_slab":4,"minecraft:dark_prismarine_stairs":7,"minecraft:dark_prismarine":5,"minecraft:red_carpet":1,"minecraft:spruce_planks":2,"minecraft:mossy_cobblestone":18,"minecraft:dark_oak_leaves":13,"minecraft:black_terracotta":2,"minecraft:dark_oak_log":73,"minecraft:glow_lichen":2,"minecraft:granite":23,"gravestone:gravestone":25,"minecraft:grass_block":49,"minecraft:spruce_leaves":1,"minecraft:mud_bricks":91,"minecraft:moss_block":1,"minecraft:sandstone":1,"minecraft:waxed_oxidized_cut_copper":5,"minecraft:furnace":4,"minecraft:packed_mud":35,"minecraft:iron_ore":23,"minecraft:andesite":5,"minecraft:moss_carpet":2,"minecraft:dark_oak_stairs":2,"minecraft:bookshelf":3,"minecraft:flowering_azalea_leaves":2,"minecraft:deepslate_iron_ore":8,"minecraft:rail":3,"minecraft:stone":168,"minecraft:waxed_cut_copper":8,"minecraft:waxed_cut_copper_stairs":5,"minecraft:deepslate_redstone_ore":4,"minecraft:mud_brick_slab":2,"minecraft:flowering_azalea":1,"minecraft:brown_mushroom":11,"minecraft:crafting_table":10,"alexscaves:dinosaur_chop":1,"minecraft:torch":14,"minecraft:copper_ore":19,"minecraft:tall_grass":1,"minecraft:cobblestone":2,"minecraft:cyan_bed":1,"minecraft:sugar_cane":10,"minecraft:diorite":2,"minecraft:wall_torch":8,"minecraft:tinted_glass":2,"minecraft:lilac":2,"minecraft:spruce_log":4,"minecraft:dark_prismarine_slab":2,"minecraft:grass":9,"minecraft:coal_ore":67,"minecraft:oak_log":2,"minecraft:gravel":1,"minecraft:sand":144,"minecraft:dirt":199,"minecraft:waxed_exposed_cut_copper":9,"minecraft:oak_leaves":7,"minecraft:redstone_lamp":1,"minecraft:fern":5}},"DataVersion":3465}