{"stats":{"minecraft:used":{"minecraft:moss_block":1,"minecraft:spruce_slab":1,"minecraft:chest":30,"minecraft:soul_sand":1,"minecraft:spruce_boat":2,"minecraft:lava_bucket":20,"minecraft:birch_sapling":1,"minecraft:dark_oak_button":2,"minecraft:bow":5,"minecraft:dark_oak_boat":2,"minecraft:oak_sapling":31,"minecraft:furnace":16,"minecraft:cooked_cod":1,"minecraft:egg":10,"minecraft:potato":634,"minecraft:wooden_pickaxe":85,"minecraft:golden_apple":12,"minecraft:glow_berries":22,"minecraft:sand":146,"minecraft:lectern":140,"minecraft:oak_pressure_plate":1,"minecraft:diamond_sword":997,"minecraft:wooden_sword":4,"minecraft:oak_boat":5,"minecraft:waxed_cut_copper_stairs":3,"minecraft:oak_trapdoor":10,"minecraft:iron_bars":4,"minecraft:enchanting_table":8,"minecraft:stone_sword":41,"minecraft:tinted_glass":10,"minecraft:netherrack":90,"minecraft:torch":846,"minecraft:anvil":1,"minecraft:nether_quartz_ore":23,"minecraft:golden_shovel":116,"minecraft:nether_brick_stairs":1,"minecraft:oak_fence_gate":3,"minecraft:iron_axe":162,"minecraft:mud_bricks":98,"minecraft:barrel":3,"minecraft:cobbled_deepslate":33,"minecraft:acacia_planks":3,"minecraft:observer":1,"minecraft:water_bucket":109,"minecraft:wheat_seeds":429,"minecraft:birch_planks":16,"minecraft:waxed_oxidized_cut_copper":23,"minecraft:cauldron":1,"minecraft:mossy_cobblestone":33,"minecraft:tnt":1,"minecraft:crafting_table":41,"minecraft:cod":4,"alexscaves:cooked_radgill":1,"minecraft:oak_log":7,"minecraft:dark_prismarine":3,"minecraft:diamond_pickaxe":5865,"minecraft:diamond_shovel":424,"minecraft:iron_pickaxe":223,"minecraft:cobblestone":903,"minecraft:cooked_porkchop":3,"minecraft:kelp":25,"minecraft:blue_terracotta":1,"minecraft:waxed_exposed_cut_copper":8,"minecraft:iron_shovel":216,"minecraft:bone_block":3,"minecraft:diamond_hoe":141,"minecraft:oak_sign":3,"minecraft:shield":52,"minecraft:iron_sword":207,"minecraft:oxidized_cut_copper":6,"minecraft:jungle_planks":3,"minecraft:tuff":5,"minecraft:obsidian":5,"minecraft:blue_orchid":1,"minecraft:packed_mud":17,"minecraft:stone_bricks":1,"minecraft:deepslate_diamond_ore":1,"minecraft:scaffolding":1,"minecraft:waxed_oxidized_cut_copper_slab":6,"minecraft:stone_pickaxe":179,"minecraft:oak_planks":67,"minecraft:sandstone":4,"minecraft:redstone_block":4,"minecraft:sugar_cane":41,"minecraft:diamond_axe":501,"minecraft:white_wool":10,"minecraft:deepslate_redstone_ore":16,"minecraft:crossbow":85,"minecraft:black_bed":14,"minecraft:black_terracotta":2,"minecraft:sticky_piston":1,"minecraft:bread":42,"minecraft:cyan_bed":1,"minecraft:deepslate":15,"minecraft:gravel":20,"minecraft:andesite":14,"minecraft:bone_meal":64,"minecraft:experience_bottle":1,"minecraft:oak_fence":39,"minecraft:netherite_sword":55,"minecraft:flint_and_steel":8,"minecraft:stone_shovel":131,"minecraft:spruce_planks":27,"minecraft:ender_chest":1,"minecraft:wooden_shovel":13,"minecraft:cooked_chicken":3,"minecraft:dirt":303,"minecraft:cobblestone_wall":2,"minecraft:dark_oak_planks":54,"minecraft:wooden_axe":38,"minecraft:bookshelf":26,"minecraft:waxed_cut_copper":8,"minecraft:smooth_sandstone":1,"minecraft:crimson_planks":3,"minecraft:waxed_cut_copper_slab":2,"minecraft:netherite_pickaxe":2205,"alexscaves:dinosaur_chop":1,"minecraft:baked_potato":126,"minecraft:mud_brick_slab":5,"minecraft:cobblestone_slab":11,"minecraft:terracotta":3,"minecraft:dark_prismarine_slab":4,"minecraft:flower_pot":2,"minecraft:stone_axe":106,"minecraft:fishing_rod":193,"minecraft:mud_brick_wall":1,"minecraft:bucket":130,"minecraft:splash_potion":3},"minecraft:killed_by":{"minecraft:piglin_brute":6,"alexscaves:forsaken":2,"minecraft:zombie":10,"minecraft:husk":3,"alexscaves:vallumraptor":1,"minecraft:creeper":1,"minecraft:piglin":1,"alexscaves:tremorsaurus":1,"minecraft:player":9,"minecraft:spider":1,"minecraft:hoglin":1,"minecraft:skeleton":16},"minecraft:dropped":{"minecraft:porkchop":11,"minecraft:lapis_lazuli":150,"minecraft:mud_brick_slab":2,"minecraft:glow_ink_sac":1,"minecraft:diamond":28,"minecraft:cooked_porkchop":2,"minecraft:crossbow":1,"minecraft:glow_berries":6,"minecraft:glow_item_frame":1,"minecraft:black_bed":2,"minecraft:item_frame":1,"minecraft:emerald":54,"minecraft:light_weighted_pressure_plate":3,"minecraft:packed_mud":4,"minecraft:dark_oak_fence":1,"minecraft:snout_armor_trim_smithing_template":1,"minecraft:gold_nugget":3,"minecraft:sand":5,"minecraft:polished_blackstone_slab":1,"minecraft:iron_pickaxe":1,"minecraft:dark_oak_planks":30,"minecraft:white_wool":5,"minecraft:cyan_carpet":4,"minecraft:bone":12,"minecraft:stone_axe":1,"minecraft:waxed_cut_copper_stairs":7,"minecraft:emerald_block":4,"minecraft:sugar_cane":7,"minecraft:lever":7,"minecraft:cobbled_deepslate":1092,"minecraft:tinted_glass":8,"minecraft:rotten_flesh":78,"minecraft:oak_planks":12,"minecraft:ladder":3,"minecraft:spruce_slab":13,"minecraft:beef":1,"minecraft:egg":9,"minecraft:iron_ingot":97,"minecraft:wheat_seeds":12,"minecraft:dark_prismarine_slab":12,"minecraft:cobblestone":152,"minecraft:granite":8,"minecraft:coal":14,"minecraft:golden_apple":20,"minecraft:oxeye_daisy":1,"minecraft:lava_bucket":2,"minecraft:jungle_slab":1,"minecraft:wooden_axe":2,"minecraft:diamond_helmet":2,"minecraft:string":13,"minecraft:lily_pad":6,"minecraft:furnace":1,"minecraft:moss_carpet":2,"minecraft:player_head":1,"minecraft:stone_sword":1,"minecraft:deepslate":90,"minecraft:spruce_fence":2,"minecraft:lightning_rod":2,"minecraft:diamond_sword":3,"minecraft:big_dripleaf":5,"minecraft:cobblestone_slab":6,"minecraft:potato":1,"minecraft:stone":1,"minecraft:flower_pot":1,"minecraft:sea_pickle":2,"minecraft:waxed_cut_copper":2,"minecraft:spruce_planks":3,"minecraft:diamond_pickaxe":5,"minecraft:spider_eye":2,"minecraft:bamboo":8,"minecraft:purple_candle":3,"minecraft:quartz_slab":8,"minecraft:crimson_nylium":1,"minecraft:soul_sand":1,"minecraft:moss_block":7,"minecraft:warped_fungus":3,"minecraft:baked_potato":2,"minecraft:lantern":4,"minecraft:cod":11,"minecraft:flint":1,"minecraft:redstone_lamp":1,"minecraft:dark_oak_log":24,"minecraft:mutton":3,"minecraft:crimson_roots":7,"gravestone:obituary":36,"minecraft:jungle_sign":4,"minecraft:polished_blackstone_bricks":4,"minecraft:glistering_melon_slice":2,"minecraft:birch_log":5,"minecraft:gold_ingot":263,"minecraft:blackstone":9,"minecraft:pointed_dripstone":1,"minecraft:carrot":1,"minecraft:poppy":1,"minecraft:oak_fence_gate":3,"minecraft:gunpowder":1,"minecraft:oak_wood":2,"minecraft:stone_brick_wall":1,"minecraft:basalt":2,"minecraft:arrow":1,"minecraft:scaffolding":2,"minecraft:quartz":4,"minecraft:netherrack":65,"minecraft:bread":22,"minecraft:oak_slab":2,"minecraft:diamond_leggings":1,"minecraft:stick":6,"minecraft:mud_brick_wall":1,"minecraft:black_candle":1,"minecraft:diorite":1,"minecraft:torch":124,"minecraft:fire_charge":1,"minecraft:polished_andesite_stairs":1,"minecraft:polished_blackstone_brick_slab":4,"minecraft:iron_axe":1,"minecraft:dandelion":3,"minecraft:redstone":21,"minecraft:nether_brick_slab":1,"minecraft:anvil":1,"minecraft:oak_trapdoor":1,"minecraft:dark_prismarine_stairs":6,"minecraft:tuff":128,"minecraft:raw_iron":2,"minecraft:waxed_exposed_cut_copper":5,"minecraft:stripped_acacia_wood":2,"minecraft:glass_pane":1,"minecraft:mud_bricks":7,"minecraft:diamond_chestplate":2,"minecraft:andesite":5,"minecraft:waxed_oxidized_cut_copper":2,"minecraft:diamond_boots":1,"minecraft:stone_pickaxe":7,"minecraft:wooden_pickaxe":6,"minecraft:calcite":1},"minecraft:broken":{"minecraft:iron_pickaxe":1,"minecraft:stone_pickaxe":1,"minecraft:stone_axe":1,"minecraft:stone_shovel":1},"minecraft:custom":{"minecraft:interact_with_crafting_table":185,"minecraft:open_barrel":81,"minecraft:bell_ring":12,"minecraft:leave_game":15,"minecraft:time_since_death":139014,"minecraft:damage_blocked_by_shield":3815,"minecraft:play_time":1527798,"minecraft:deaths":65,"minecraft:jump":9403,"minecraft:enchant_item":13,"minecraft:interact_with_furnace":191,"minecraft:traded_with_villager":125,"minecraft:interact_with_cartography_table":1,"minecraft:sleep_in_bed":48,"minecraft:damage_dealt":37624,"minecraft:interact_with_smoker":12,"minecraft:horse_one_cm":509,"minecraft:interact_with_smithing_table":18,"minecraft:interact_with_anvil":28,"minecraft:sneak_time":38002,"minecraft:interact_with_blast_furnace":2,"minecraft:total_world_time":1527798,"minecraft:tune_noteblock":115,"minecraft:time_since_rest":61310,"minecraft:swim_one_cm":2325,"minecraft:fly_one_cm":508282,"minecraft:open_chest":928,"minecraft:fish_caught":137,"minecraft:fall_one_cm":212072,"minecraft:animals_bred":460,"minecraft:sprint_one_cm":1337656,"minecraft:drop":618,"minecraft:play_noteblock":5,"minecraft:talked_to_villager":306,"minecraft:interact_with_brewingstand":1,"minecraft:walk_on_water_one_cm":228169,"minecraft:interact_with_loom":1,"minecraft:open_enderchest":20,"minecraft:player_kills":10,"minecraft:crouch_one_cm":80234,"minecraft:mob_kills":1037,"minecraft:climb_one_cm":50463,"minecraft:walk_one_cm":4637473,"minecraft:walk_under_water_one_cm":235161,"minecraft:boat_one_cm":321728,"minecraft:pot_flower":2,"minecraft:damage_taken":28585,"minecraft:damage_absorbed":199},"minecraft:mined":{"minecraft:dark_oak_planks":32,"minecraft:dark_prismarine_stairs":7,"minecraft:black_terracotta":16,"minecraft:obsidian":1,"minecraft:potted_dead_bush":1,"minecraft:granite":70,"minecraft:coal_block":1,"minecraft:crimson_fungus":3,"minecraft:spawner":4,"minecraft:polished_blackstone_bricks":5,"minecraft:weeping_vines_plant":3,"minecraft:magma_block":2,"minecraft:dark_oak_trapdoor":4,"minecraft:cobbled_deepslate":13,"minecraft:fire":39,"minecraft:sticky_piston":1,"minecraft:barrel":1,"minecraft:moss_carpet":4,"minecraft:deepslate_lapis_ore":36,"minecraft:nether_brick_stairs":4,"minecraft:enchanting_table":7,"minecraft:cave_vines":2,"minecraft:water_cauldron":1,"minecraft:quartz_slab":1,"minecraft:green_carpet":1,"minecraft:blue_orchid":1,"minecraft:player_head":3,"minecraft:cut_sandstone":11,"minecraft:brown_mushroom":11,"minecraft:kelp_plant":7,"minecraft:crimson_nylium":7,"minecraft:torch":38,"minecraft:mud_brick_stairs":1,"minecraft:polished_andesite_stairs":1,"minecraft:dead_bush":2,"minecraft:nether_brick_slab":1,"minecraft:cyan_bed":1,"minecraft:sugar_cane":138,"minecraft:smooth_sandstone_slab":3,"minecraft:amethyst_block":66,"minecraft:skeleton_skull":1,"minecraft:chain":2,"minecraft:tinted_glass":23,"minecraft:wheat":362,"minecraft:lilac":4,"minecraft:jukebox":1,"minecraft:black_bed":13,"minecraft:warped_fungus":1,"minecraft:grass":838,"minecraft:deepslate":4082,"minecraft:dark_prismarine":16,"minecraft:mossy_cobblestone":119,"minecraft:dark_oak_log":73,"minecraft:potted_flowering_azalea_bush":1,"minecraft:purple_candle":1,"minecraft:dark_oak_fence":2,"minecraft:spruce_fence":2,"minecraft:jungle_planks":4,"minecraft:stripped_jungle_wood":1,"minecraft:crimson_roots":9,"minecraft:moss_block":3,"minecraft:kelp":10,"minecraft:waxed_oxidized_cut_copper":34,"minecraft:packed_mud":48,"minecraft:andesite":70,"minecraft:diamond_block":1,"minecraft:potatoes":545,"minecraft:cobblestone_slab":10,"minecraft:vine":7,"minecraft:rail":3,"minecraft:smooth_quartz_stairs":1,"minecraft:white_wool":9,"minecraft:ender_chest":2,"minecraft:mud_brick_slab":14,"minecraft:oak_slab":1,"minecraft:light_gray_carpet":1,"minecraft:mangrove_stairs":1,"minecraft:redstone_block":1,"minecraft:glass_pane":1,"minecraft:comparator":1,"minecraft:lily_of_the_valley":1,"minecraft:observer":1,"minecraft:dandelion":14,"minecraft:smooth_sandstone":3,"minecraft:cornflower":4,"minecraft:tall_grass":48,"minecraft:copper_ore":29,"minecraft:deepslate_gold_ore":53,"minecraft:diorite":22,"minecraft:spruce_log":4,"minecraft:birch_leaves":23,"minecraft:dark_prismarine_slab":8,"minecraft:dark_oak_button":2,"minecraft:sunflower":1,"minecraft:gravel":188,"minecraft:cobweb":32,"minecraft:acacia_planks":3,"minecraft:stone_bricks":3,"minecraft:gold_ore":11,"minecraft:waxed_exposed_cut_copper":11,"minecraft:iron_trapdoor":2,"minecraft:fern":5,"minecraft:waxed_cut_copper_slab":9,"minecraft:large_amethyst_bud":1,"minecraft:stone_pressure_plate":1,"minecraft:spruce_planks":32,"minecraft:potted_blue_orchid":2,"minecraft:spruce_trapdoor":2,"minecraft:cave_vines_plant":1,"minecraft:budding_amethyst":14,"minecraft:grass_block":288,"minecraft:polished_blackstone_brick_slab":3,"minecraft:mud_brick_wall":7,"minecraft:mud_bricks":126,"minecraft:iron_ore":54,"minecraft:green_stained_glass":1,"minecraft:dark_oak_stairs":5,"minecraft:pointed_dripstone":1,"minecraft:flowering_azalea_leaves":3,"minecraft:iron_bars":5,"minecraft:spruce_slab":8,"minecraft:waxed_cut_copper":21,"minecraft:waxed_cut_copper_stairs":7,"minecraft:deepslate_redstone_ore":169,"minecraft:blackstone":1,"minecraft:medium_amethyst_bud":1,"minecraft:orange_terracotta":1,"minecraft:soul_lantern":1,"alexscaves:dinosaur_chop":1,"minecraft:calcite":20,"minecraft:poppy":2,"minecraft:chest":7,"minecraft:nether_quartz_ore":171,"minecraft:cobblestone":369,"minecraft:oak_planks":21,"minecraft:iron_door":1,"minecraft:wall_torch":91,"minecraft:seagrass":3,"minecraft:blue_terracotta":2,"minecraft:nether_wart_block":10,"minecraft:birch_log":5,"minecraft:waxed_oxidized_cut_copper_stairs":5,"minecraft:tnt":13,"minecraft:smooth_stone_slab":1,"minecraft:oak_log":145,"minecraft:waxed_oxidized_copper":1,"minecraft:sand":193,"minecraft:dirt":377,"minecraft:crimson_planks":5,"minecraft:tripwire_hook":2,"minecraft:dispenser":3,"minecraft:netherrack":533,"minecraft:oak_leaves":168,"minecraft:gray_candle":1,"minecraft:redstone_lamp":1,"minecraft:nether_gold_ore":28,"minecraft:crying_obsidian":2,"minecraft:red_carpet":3,"minecraft:tuff":396,"minecraft:stripped_mangrove_log":1,"minecraft:dark_oak_leaves":13,"minecraft:deepslate_diamond_ore":45,"minecraft:ladder":1,"minecraft:glow_lichen":5,"gravestone:gravestone":60,"minecraft:purple_terracotta":9,"minecraft:stone_button":1,"minecraft:weeping_vines":1,"minecraft:mangrove_trapdoor":2,"minecraft:spruce_leaves":1,"minecraft:sandstone":15,"minecraft:hay_block":72,"minecraft:oak_trapdoor":6,"minecraft:furnace":4,"minecraft:waxed_oxidized_cut_copper_slab":6,"minecraft:peony":1,"minecraft:gold_block":2,"minecraft:bookshelf":53,"minecraft:deepslate_iron_ore":40,"minecraft:stone":1220,"minecraft:scaffolding":1,"minecraft:flowering_azalea":2,"minecraft:basalt":3,"minecraft:oak_fence":9,"minecraft:crafting_table":23,"minecraft:lectern":138,"minecraft:lapis_ore":14,"minecraft:spruce_stairs":2,"minecraft:polished_blackstone_slab":1,"minecraft:coal_ore":319,"minecraft:gray_carpet":2,"minecraft:terracotta":3,"minecraft:small_dripleaf":5},"minecraft:crafted":{"minecraft:oak_sign":3,"minecraft:oak_pressure_plate":2,"minecraft:diamond_shovel":1,"minecraft:bookshelf":30,"minecraft:quartz_block":86,"minecraft:diamond_helmet":2,"minecraft:diamond_leggings":2,"minecraft:emerald":117,"minecraft:cooked_porkchop":5,"minecraft:lectern":4,"minecraft:iron_pickaxe":2,"minecraft:iron_block":37,"minecraft:gold_ingot":285,"minecraft:netherite_ingot":3,"minecraft:stone_shovel":1,"minecraft:experience_bottle":1,"minecraft:diamond_hoe":1,"minecraft:bone_meal":96,"minecraft:stone_pickaxe":2,"minecraft:diamond_boots":2,"minecraft:spruce_boat":1,"minecraft:dark_oak_planks":208,"minecraft:wheat":657,"minecraft:netherite_pickaxe":1,"minecraft:enchanting_table":2,"minecraft:dark_oak_button":2,"minecraft:enchanted_book":7,"minecraft:oak_fence_gate":3,"minecraft:golden_apple":5,"minecraft:wooden_axe":2,"minecraft:iron_shovel":2,"minecraft:iron_leggings":2,"minecraft:oak_planks":572,"minecraft:cobblestone_slab":6,"minecraft:bow":1,"minecraft:iron_boots":2,"minecraft:chest":23,"minecraft:netherite_upgrade_smithing_template":18,"minecraft:oak_fence":39,"minecraft:oak_slab":60,"minecraft:arrow":8,"minecraft:crafting_table":20,"minecraft:wooden_pickaxe":4,"minecraft:baked_potato":1104,"minecraft:iron_helmet":2,"minecraft:gold_block":34,"minecraft:book":4,"minecraft:iron_chestplate":4,"minecraft:paper":132,"minecraft:diamond_pickaxe":4,"minecraft:shield":3,"minecraft:stick":228,"minecraft:iron_ingot":162,"minecraft:wooden_sword":1,"minecraft:fishing_rod":4,"minecraft:netherite_sword":1,"minecraft:furnace":15,"minecraft:diamond_block":12,"minecraft:oak_trapdoor":6,"minecraft:flint_and_steel":1,"minecraft:iron_axe":4,"minecraft:cobblestone_wall":6,"minecraft:netherite_scrap":4,"minecraft:diamond_sword":7,"minecraft:iron_sword":1,"minecraft:stone_axe":3,"minecraft:air":0,"minecraft:bread":57,"minecraft:oak_boat":1,"minecraft:anvil":2,"minecraft:torch":752,"minecraft:diamond_chestplate":3},"minecraft:picked_up":{"minecraft:wooden_axe":2,"minecraft:iron_chestplate":1,"minecraft:flower_pot":4,"minecraft:diamond_sword":8,"minecraft:enchanted_book":1,"minecraft:golden_shovel":2,"minecraft:amethyst_block":64,"minecraft:polished_deepslate":4,"minecraft:dark_oak_trapdoor":5,"minecraft:string":42,"minecraft:pufferfish":16,"minecraft:gold_nugget":324,"minecraft:cobbled_deepslate":1939,"minecraft:waxed_exposed_cut_copper":18,"minecraft:spruce_planks":45,"minecraft:coal_block":3,"minecraft:golden_helmet":2,"minecraft:polished_blackstone_brick_slab":4,"minecraft:jukebox":1,"minecraft:big_dripleaf":4,"minecraft:lightning_rod":3,"minecraft:golden_chestplate":1,"minecraft:cauldron":1,"minecraft:brown_carpet":2,"minecraft:waxed_cut_copper_stairs":8,"minecraft:yellow_banner":3,"minecraft:tropical_fish":5,"minecraft:iron_block":7,"minecraft:waxed_cut_copper":20,"minecraft:iron_bars":5,"minecraft:birch_log":10,"minecraft:magma_block":2,"minecraft:feather":63,"minecraft:iron_door":1,"minecraft:water_bucket":3,"minecraft:dark_oak_boat":2,"minecraft:flint":96,"minecraft:lantern":1,"minecraft:diamond_helmet":1,"minecraft:glowstone_dust":8,"minecraft:moss_block":4,"minecraft:stripped_acacia_wood":2,"minecraft:dark_oak_log":86,"minecraft:barrel":1,"minecraft:dispenser":3,"minecraft:blue_terracotta":2,"minecraft:deepslate":155,"minecraft:lever":9,"minecraft:deepslate_gold_ore":8,"minecraft:granite":78,"minecraft:chainmail_helmet":3,"minecraft:light_gray_carpet":1,"minecraft:dark_oak_fence":2,"minecraft:diamond_pickaxe":9,"minecraft:crimson_roots":9,"minecraft:crafting_table":24,"minecraft:redstone_lamp":8,"minecraft:crimson_trapdoor":3,"gravestone:obituary":42,"minecraft:stripped_mangrove_log":1,"minecraft:cornflower":4,"minecraft:iron_shovel":2,"minecraft:glass_pane":1,"minecraft:deepslate_diamond_ore":1,"minecraft:poppy":2,"minecraft:spruce_slab":17,"minecraft:chest":7,"minecraft:birch_sapling":1,"minecraft:waxed_oxidized_copper":1,"minecraft:egg":538,"minecraft:sandstone":15,"minecraft:stone":1,"minecraft:glow_item_frame":5,"minecraft:music_disc_mellohi":1,"minecraft:spruce_fence":2,"minecraft:fire_charge":4,"minecraft:carrot":11,"minecraft:redstone":387,"minecraft:mangrove_trapdoor":2,"minecraft:jungle_sign":4,"minecraft:tnt":12,"minecraft:beetroot_seeds":2,"minecraft:peony":1,"minecraft:waxed_oxidized_cut_copper_stairs":2,"minecraft:hay_block":66,"minecraft:gold_ingot":267,"minecraft:glow_berries":10,"minecraft:mutton":57,"minecraft:bone_block":1,"minecraft:white_wool":57,"minecraft:rail":9,"minecraft:oxeye_daisy":1,"minecraft:mud_bricks":131,"minecraft:clock":1,"minecraft:blackstone_slab":4,"minecraft:packed_mud":62,"minecraft:oak_log":165,"minecraft:lily_pad":8,"minecraft:golden_boots":1,"minecraft:apple":35,"minecraft:stone_bricks":3,"minecraft:kelp":68,"minecraft:oak_fence_gate":3,"minecraft:stone_pickaxe":6,"minecraft:glass_bottle":1,"minecraft:iron_sword":3,"minecraft:flowering_azalea":3,"minecraft:dark_oak_stairs":6,"minecraft:polished_andesite_stairs":1,"minecraft:gravel":150,"minecraft:spruce_log":6,"minecraft:crying_obsidian":6,"minecraft:leather_helmet":2,"minecraft:oak_wood":2,"minecraft:stone_axe":1,"minecraft:diamond_axe":3,"minecraft:deepslate_redstone_ore":95,"minecraft:baked_potato":90,"minecraft:melon_seeds":2,"minecraft:crimson_nylium":1,"minecraft:ender_pearl":4,"minecraft:wheat":348,"minecraft:iron_trapdoor":2,"minecraft:ender_chest":3,"minecraft:redstone_block":4,"minecraft:potion":10,"minecraft:nether_brick":30,"minecraft:crimson_planks":6,"minecraft:waxed_cut_copper_slab":10,"minecraft:raw_copper":96,"minecraft:deepslate_lapis_ore":25,"minecraft:armor_stand":2,"minecraft:iron_leggings":2,"minecraft:sticky_piston":2,"minecraft:sea_pickle":6,"minecraft:light_weighted_pressure_plate":3,"minecraft:rose_bush":3,"minecraft:cobblestone_slab":16,"minecraft:iron_pickaxe":3,"minecraft:calcite":18,"minecraft:azalea":1,"minecraft:wooden_shovel":1,"minecraft:deepslate_iron_ore":21,"minecraft:furnace":3,"minecraft:iron_boots":2,"minecraft:stick":39,"minecraft:acacia_fence":3,"minecraft:oak_fence":6,"minecraft:torch":308,"minecraft:spruce_stairs":2,"minecraft:porkchop":29,"minecraft:pointed_dripstone":1,"minecraft:diorite":21,"minecraft:goat_horn":1,"minecraft:mangrove_stairs":1,"minecraft:rotten_flesh":880,"minecraft:obsidian":33,"minecraft:cod":92,"minecraft:cobblestone":1884,"minecraft:nautilus_shell":1,"minecraft:enchanting_table":7,"minecraft:leather_chestplate":3,"minecraft:lilac":3,"minecraft:andesite":69,"minecraft:black_bed":17,"minecraft:golden_leggings":3,"minecraft:potato":1802,"minecraft:tuff":331,"minecraft:warped_trapdoor":1,"minecraft:dirt":633,"minecraft:lapis_lazuli":341,"minecraft:leather_boots":6,"minecraft:bone":58,"minecraft:acacia_planks":3,"minecraft:bow":3,"minecraft:wheat_seeds":1063,"minecraft:raw_gold":103,"minecraft:bamboo":4,"minecraft:powered_rail":4,"minecraft:oak_planks":313,"minecraft:black_terracotta":15,"minecraft:oak_pressure_plate":1,"minecraft:poisonous_potato":13,"minecraft:polished_blackstone_slab":2,"minecraft:sand":278,"minecraft:jungle_planks":24,"minecraft:nether_brick_stairs":2,"minecraft:cyan_bed":1,"minecraft:diamond_block":1,"minecraft:jungle_slab":2,"minecraft:spectral_arrow":45,"minecraft:mossy_cobblestone":156,"minecraft:dark_prismarine":3,"minecraft:dark_prismarine_slab":16,"minecraft:diamond":127,"minecraft:spruce_boat":2,"minecraft:soul_lantern":1,"minecraft:crossbow":4,"minecraft:golden_apple":10,"minecraft:emerald":54,"minecraft:oak_sapling":35,"minecraft:netherrack":417,"minecraft:mud_brick_slab":13,"minecraft:waxed_oxidized_cut_copper":31,"minecraft:chicken":64,"minecraft:splash_potion":4,"minecraft:ladder":3,"minecraft:chest_minecart":1,"minecraft:turtle_helmet":2,"minecraft:brown_mushroom":11,"minecraft:wooden_pickaxe":2,"minecraft:stone_brick_wall":2,"minecraft:gold_block":1,"minecraft:shield":2,"minecraft:oak_trapdoor":6,"minecraft:moss_carpet":18,"minecraft:iron_axe":3,"minecraft:item_frame":6,"minecraft:quartz_slab":8,"minecraft:blackstone":32,"minecraft:cyan_carpet":5,"minecraft:blue_orchid":3,"minecraft:dark_prismarine_stairs":6,"minecraft:oak_boat":5,"minecraft:player_head":5,"minecraft:observer":2,"minecraft:lectern":138,"minecraft:tinted_glass":42,"minecraft:sugar_cane":222,"minecraft:spruce_trapdoor":5,"minecraft:raw_iron":99,"minecraft:bowl":2,"minecraft:polished_blackstone_bricks":8,"minecraft:stone_pressure_plate":1,"minecraft:purple_terracotta":6,"minecraft:dark_oak_planks":93,"minecraft:smooth_sandstone_slab":3,"minecraft:purple_candle":6,"minecraft:weeping_vines":4,"minecraft:arrow":83,"minecraft:pumpkin_pie":6,"minecraft:nether_bricks":1,"minecraft:saddle":2,"minecraft:nether_brick_wall":1,"minecraft:skeleton_skull":1,"minecraft:dark_oak_button":2,"minecraft:basalt":5,"minecraft:salmon":33,"minecraft:cut_sandstone":11,"minecraft:leather":13,"minecraft:birch_planks":89,"minecraft:crimson_fungus":1,"minecraft:chainmail_chestplate":1,"minecraft:nether_wart_block":14,"minecraft:gunpowder":42,"minecraft:orange_terracotta":1,"minecraft:cooked_mutton":5,"minecraft:smooth_sandstone":3,"minecraft:acacia_trapdoor":1,"minecraft:iron_ingot":256,"minecraft:cooked_chicken":3,"minecraft:oxidized_cut_copper":1,"minecraft:soul_sand":48,"minecraft:book":381,"minecraft:scaffolding":6,"minecraft:black_candle":1,"minecraft:warped_fungus":6,"minecraft:nether_quartz_ore":2,"minecraft:emerald_block":4,"minecraft:quartz":385,"minecraft:dandelion":15,"minecraft:lava_bucket":5,"minecraft:mud_brick_wall":7,"minecraft:nether_brick_slab":1,"minecraft:chainmail_leggings":4,"minecraft:iron_helmet":1,"minecraft:stripped_jungle_wood":8,"minecraft:waxed_oxidized_cut_copper_slab":7,"minecraft:terracotta":3,"minecraft:coal":462,"minecraft:sunflower":4},"minecraft:killed":{"minecraft:skeleton":31,"minecraft:chicken":156,"minecraft:pillager":3,"minecraft:zombie":699,"cataclysm:deepling":1,"minecraft:glow_squid":1,"minecraft:husk":5,"minecraft:ravager":1,"minecraft:witch":1,"minecraft:spider":3,"minecraft:piglin_brute":5,"minecraft:piglin":12,"minecraft:pig":9,"minecraft:zombie_villager":3,"minecraft:creeper":7,"minecraft:sheep":78,"minecraft:hoglin":1}},"DataVersion":3465}