{"stats":{"minecraft:crafted":{"minecraft:oak_planks":496,"minecraft:cobblestone_slab":6,"minecraft:oak_sign":3,"minecraft:oak_pressure_plate":2,"minecraft:diamond_shovel":1,"minecraft:bookshelf":30,"minecraft:bow":1,"minecraft:diamond_helmet":2,"minecraft:diamond_leggings":2,"minecraft:iron_boots":2,"minecraft:chest":14,"minecraft:oak_fence":39,"minecraft:oak_slab":60,"minecraft:emerald":40,"minecraft:cooked_porkchop":5,"minecraft:crafting_table":19,"minecraft:iron_helmet":2,"minecraft:wooden_pickaxe":4,"minecraft:baked_potato":785,"minecraft:gold_block":17,"minecraft:lectern":4,"minecraft:iron_chestplate":4,"minecraft:book":4,"minecraft:paper":39,"minecraft:diamond_pickaxe":4,"minecraft:shield":3,"minecraft:stick":176,"minecraft:iron_ingot":155,"minecraft:iron_pickaxe":2,"minecraft:iron_block":28,"minecraft:gold_ingot":124,"minecraft:wooden_sword":1,"minecraft:stone_shovel":1,"minecraft:fishing_rod":4,"minecraft:diamond_hoe":1,"minecraft:furnace":13,"minecraft:bone_meal":96,"minecraft:oak_trapdoor":6,"minecraft:diamond_block":2,"minecraft:flint_and_steel":1,"minecraft:iron_axe":4,"minecraft:stone_pickaxe":2,"minecraft:cobblestone_wall":6,"minecraft:diamond_boots":2,"minecraft:spruce_boat":1,"minecraft:dark_oak_planks":164,"minecraft:wheat":288,"minecraft:diamond_sword":6,"minecraft:enchanting_table":2,"minecraft:iron_sword":1,"minecraft:dark_oak_button":2,"minecraft:stone_axe":3,"minecraft:enchanted_book":3,"minecraft:air":0,"minecraft:bread":57,"minecraft:oak_fence_gate":3,"minecraft:oak_boat":1,"minecraft:golden_apple":5,"minecraft:wooden_axe":2,"minecraft:iron_shovel":2,"minecraft:iron_leggings":2,"minecraft:anvil":2,"minecraft:torch":324,"minecraft:diamond_chestplate":2},"minecraft:killed":{"minecraft:spider":2,"minecraft:skeleton":24,"minecraft:chicken":156,"minecraft:piglin_brute":1,"minecraft:piglin":2,"minecraft:pig":9,"minecraft:zombie_villager":2,"minecraft:creeper":3,"minecraft:sheep":69,"minecraft:pillager":3,"minecraft:zombie":592,"cataclysm:deepling":1,"minecraft:glow_squid":1,"minecraft:hoglin":1},"minecraft:picked_up":{"minecraft:wooden_axe":2,"minecraft:iron_chestplate":1,"minecraft:wheat":232,"minecraft:redstone_block":4,"minecraft:flower_pot":4,"minecraft:diamond_sword":4,"minecraft:potion":5,"minecraft:crimson_planks":6,"minecraft:polished_deepslate":4,"minecraft:string":5,"minecraft:dark_oak_trapdoor":2,"minecraft:waxed_cut_copper_slab":10,"minecraft:raw_copper":96,"minecraft:iron_leggings":2,"minecraft:armor_stand":2,"minecraft:sticky_piston":2,"minecraft:pufferfish":15,"minecraft:cobbled_deepslate":530,"minecraft:spruce_planks":45,"minecraft:waxed_exposed_cut_copper":17,"minecraft:light_weighted_pressure_plate":2,"minecraft:rose_bush":3,"minecraft:cobblestone_slab":16,"minecraft:azalea":1,"minecraft:wooden_shovel":1,"minecraft:iron_pickaxe":3,"minecraft:iron_boots":1,"minecraft:furnace":3,"minecraft:golden_helmet":1,"minecraft:polished_blackstone_brick_slab":4,"minecraft:stick":27,"minecraft:acacia_fence":3,"minecraft:jukebox":1,"minecraft:big_dripleaf":4,"minecraft:oak_fence":6,"minecraft:torch":202,"minecraft:spruce_stairs":2,"minecraft:porkchop":29,"minecraft:lightning_rod":1,"minecraft:diorite":21,"minecraft:golden_chestplate":1,"minecraft:cauldron":1,"minecraft:goat_horn":1,"minecraft:brown_carpet":2,"minecraft:waxed_cut_copper_stairs":8,"minecraft:mangrove_stairs":1,"minecraft:rotten_flesh":647,"minecraft:tropical_fish":5,"minecraft:iron_block":7,"minecraft:waxed_cut_copper":18,"minecraft:obsidian":8,"minecraft:iron_bars":5,"minecraft:cod":90,"minecraft:cobblestone":1866,"minecraft:nautilus_shell":1,"minecraft:birch_log":10,"minecraft:enchanting_table":7,"minecraft:leather_chestplate":1,"minecraft:andesite":69,"minecraft:feather":63,"minecraft:lilac":3,"minecraft:water_bucket":1,"minecraft:iron_door":1,"minecraft:black_bed":14,"minecraft:golden_leggings":2,"minecraft:dark_oak_boat":2,"minecraft:potato":1425,"minecraft:flint":11,"minecraft:tuff":43,"minecraft:warped_trapdoor":1,"minecraft:lapis_lazuli":183,"minecraft:dirt":631,"minecraft:lantern":1,"minecraft:leather_boots":6,"minecraft:bone":44,"minecraft:bow":3,"minecraft:wheat_seeds":730,"minecraft:raw_gold":77,"minecraft:diamond_helmet":1,"minecraft:powered_rail":4,"minecraft:moss_block":4,"minecraft:oak_planks":239,"minecraft:black_terracotta":15,"minecraft:oak_pressure_plate":1,"minecraft:poisonous_potato":11,"minecraft:sand":277,"minecraft:jungle_planks":24,"minecraft:cyan_bed":1,"minecraft:diamond_block":1,"minecraft:spectral_arrow":6,"minecraft:jungle_slab":2,"minecraft:dark_oak_log":74,"minecraft:barrel":1,"minecraft:mossy_cobblestone":156,"minecraft:dark_prismarine":3,"minecraft:dark_prismarine_slab":14,"minecraft:dispenser":3,"minecraft:blue_terracotta":2,"minecraft:deepslate":85,"minecraft:diamond":69,"minecraft:spruce_boat":2,"minecraft:soul_lantern":1,"minecraft:lever":8,"minecraft:crossbow":1,"minecraft:granite":78,"minecraft:golden_apple":4,"minecraft:chainmail_helmet":3,"minecraft:emerald":54,"minecraft:oak_sapling":35,"minecraft:light_gray_carpet":1,"minecraft:netherrack":7,"minecraft:dark_oak_fence":1,"minecraft:crimson_roots":7,"minecraft:diamond_pickaxe":2,"minecraft:mud_brick_slab":11,"minecraft:waxed_oxidized_cut_copper":29,"minecraft:crafting_table":23,"minecraft:splash_potion":1,"minecraft:chicken":64,"minecraft:ladder":3,"minecraft:chest_minecart":1,"minecraft:turtle_helmet":2,"minecraft:redstone_lamp":8,"minecraft:brown_mushroom":11,"minecraft:wooden_pickaxe":2,"minecraft:stone_brick_wall":2,"minecraft:gold_block":1,"minecraft:crimson_trapdoor":3,"gravestone:obituary":22,"minecraft:shield":2,"minecraft:stripped_mangrove_log":1,"minecraft:cornflower":4,"minecraft:oak_trapdoor":6,"minecraft:moss_carpet":18,"minecraft:iron_axe":3,"minecraft:item_frame":6,"minecraft:quartz_slab":8,"minecraft:iron_shovel":2,"minecraft:cyan_carpet":5,"minecraft:blackstone":9,"minecraft:blue_orchid":3,"minecraft:dark_prismarine_stairs":6,"minecraft:oak_boat":5,"minecraft:player_head":5,"minecraft:observer":2,"minecraft:poppy":2,"minecraft:sugar_cane":146,"minecraft:spruce_slab":17,"minecraft:lectern":107,"minecraft:tinted_glass":42,"minecraft:egg":358,"minecraft:chest":6,"minecraft:birch_sapling":1,"minecraft:spruce_trapdoor":3,"minecraft:waxed_oxidized_copper":1,"minecraft:raw_iron":94,"minecraft:sandstone":15,"minecraft:glow_item_frame":5,"minecraft:bowl":2,"minecraft:music_disc_mellohi":1,"minecraft:spruce_fence":2,"minecraft:polished_blackstone_bricks":8,"minecraft:carrot":5,"minecraft:redstone":159,"minecraft:mangrove_trapdoor":1,"minecraft:dark_oak_planks":92,"minecraft:purple_terracotta":6,"minecraft:stone_pressure_plate":1,"minecraft:jungle_sign":4,"minecraft:smooth_sandstone_slab":2,"minecraft:tnt":12,"minecraft:purple_candle":6,"minecraft:arrow":48,"minecraft:beetroot_seeds":2,"minecraft:peony":1,"minecraft:hay_block":25,"minecraft:waxed_oxidized_cut_copper_stairs":2,"minecraft:gold_ingot":51,"minecraft:saddle":1,"minecraft:glow_berries":8,"minecraft:mutton":57,"minecraft:skeleton_skull":1,"minecraft:white_wool":52,"minecraft:bone_block":1,"minecraft:rail":9,"minecraft:oxeye_daisy":1,"minecraft:mud_bricks":124,"minecraft:dark_oak_button":2,"minecraft:basalt":5,"minecraft:salmon":30,"minecraft:leather":4,"minecraft:cut_sandstone":11,"minecraft:blackstone_slab":4,"minecraft:birch_planks":89,"minecraft:packed_mud":62,"minecraft:crimson_fungus":1,"minecraft:oak_log":147,"minecraft:chainmail_chestplate":1,"minecraft:lily_pad":8,"minecraft:golden_boots":1,"minecraft:nether_wart_block":5,"minecraft:gunpowder":6,"minecraft:orange_terracotta":1,"minecraft:smooth_sandstone":3,"minecraft:apple":7,"minecraft:stone_bricks":3,"minecraft:kelp":68,"minecraft:acacia_trapdoor":1,"minecraft:iron_ingot":252,"minecraft:oak_fence_gate":3,"minecraft:stone_pickaxe":6,"minecraft:cooked_chicken":3,"minecraft:iron_sword":2,"minecraft:flowering_azalea":3,"minecraft:oxidized_cut_copper":1,"minecraft:soul_sand":3,"minecraft:dark_oak_stairs":5,"minecraft:book":276,"minecraft:scaffolding":2,"minecraft:emerald_block":4,"minecraft:dandelion":15,"minecraft:gravel":72,"minecraft:lava_bucket":2,"minecraft:mud_brick_wall":7,"minecraft:spruce_log":6,"minecraft:leather_helmet":1,"minecraft:oak_wood":2,"minecraft:stone_axe":1,"minecraft:chainmail_leggings":4,"minecraft:iron_helmet":1,"minecraft:stripped_jungle_wood":8,"minecraft:diamond_axe":1,"minecraft:deepslate_redstone_ore":16,"minecraft:waxed_oxidized_cut_copper_slab":6,"minecraft:terracotta":3,"minecraft:baked_potato":36,"minecraft:melon_seeds":2,"minecraft:coal":304},"minecraft:used":{"minecraft:moss_block":1,"minecraft:blue_terracotta":1,"minecraft:waxed_exposed_cut_copper":8,"minecraft:iron_shovel":216,"minecraft:spruce_slab":1,"minecraft:diamond_hoe":141,"minecraft:bone_block":3,"minecraft:oak_sign":3,"minecraft:chest":20,"minecraft:shield":29,"minecraft:iron_sword":191,"minecraft:oxidized_cut_copper":6,"minecraft:soul_sand":1,"minecraft:jungle_planks":3,"minecraft:tuff":5,"minecraft:obsidian":2,"minecraft:spruce_boat":2,"minecraft:lava_bucket":11,"minecraft:birch_sapling":1,"minecraft:blue_orchid":1,"minecraft:packed_mud":17,"minecraft:dark_oak_button":2,"minecraft:stone_bricks":1,"minecraft:bow":5,"minecraft:dark_oak_boat":2,"minecraft:scaffolding":1,"minecraft:oak_sapling":31,"minecraft:furnace":14,"minecraft:cooked_cod":1,"minecraft:egg":10,"minecraft:potato":513,"minecraft:waxed_oxidized_cut_copper_slab":6,"minecraft:oak_planks":50,"minecraft:stone_pickaxe":179,"minecraft:wooden_pickaxe":85,"minecraft:sandstone":4,"minecraft:redstone_block":4,"minecraft:sugar_cane":41,"minecraft:diamond_axe":357,"minecraft:golden_apple":8,"minecraft:white_wool":10,"minecraft:glow_berries":22,"minecraft:sand":146,"minecraft:deepslate_redstone_ore":16,"minecraft:crossbow":37,"minecraft:black_bed":11,"minecraft:black_terracotta":2,"minecraft:sticky_piston":1,"minecraft:bread":42,"minecraft:deepslate":2,"minecraft:lectern":108,"minecraft:oak_pressure_plate":1,"minecraft:gravel":14,"minecraft:diamond_sword":703,"minecraft:wooden_sword":4,"minecraft:andesite":14,"minecraft:oak_fence":39,"minecraft:iron_bars":4,"minecraft:waxed_cut_copper_stairs":3,"minecraft:oak_boat":5,"minecraft:stone_sword":36,"minecraft:oak_trapdoor":10,"minecraft:bone_meal":64,"minecraft:flint_and_steel":2,"minecraft:enchanting_table":8,"minecraft:stone_shovel":131,"minecraft:spruce_planks":27,"minecraft:tinted_glass":10,"minecraft:wooden_shovel":13,"minecraft:cooked_chicken":3,"minecraft:dirt":301,"minecraft:torch":497,"minecraft:anvil":1,"minecraft:golden_shovel":21,"minecraft:cobblestone_wall":2,"minecraft:oak_fence_gate":3,"minecraft:dark_oak_planks":53,"minecraft:wooden_axe":38,"minecraft:bookshelf":26,"minecraft:waxed_cut_copper":8,"minecraft:iron_axe":162,"minecraft:smooth_sandstone":1,"minecraft:mud_bricks":98,"minecraft:barrel":3,"minecraft:crimson_planks":3,"minecraft:waxed_cut_copper_slab":2,"minecraft:observer":1,"minecraft:wheat_seeds":296,"minecraft:water_bucket":78,"alexscaves:dinosaur_chop":1,"minecraft:birch_planks":16,"minecraft:baked_potato":61,"minecraft:mud_brick_slab":5,"minecraft:waxed_oxidized_cut_copper":23,"minecraft:cauldron":1,"minecraft:cobblestone_slab":11,"minecraft:mossy_cobblestone":33,"minecraft:terracotta":3,"minecraft:tnt":1,"minecraft:crafting_table":38,"minecraft:dark_prismarine_slab":4,"minecraft:cod":4,"alexscaves:cooked_radgill":1,"minecraft:oak_log":7,"minecraft:flower_pot":2,"minecraft:dark_prismarine":3,"minecraft:diamond_pickaxe":3524,"minecraft:diamond_shovel":424,"minecraft:iron_pickaxe":223,"minecraft:stone_axe":106,"minecraft:fishing_rod":183,"minecraft:cobblestone":877,"minecraft:cooked_porkchop":3,"minecraft:mud_brick_wall":1,"minecraft:bucket":90,"minecraft:kelp":25,"minecraft:splash_potion":2},"minecraft:killed_by":{"minecraft:piglin_brute":2,"alexscaves:forsaken":2,"minecraft:piglin":1,"minecraft:zombie":8,"alexscaves:tremorsaurus":1,"minecraft:player":8,"minecraft:spider":1,"alexscaves:vallumraptor":1,"minecraft:hoglin":1,"minecraft:skeleton":12},"minecraft:custom":{"minecraft:animals_bred":330,"minecraft:interact_with_crafting_table":156,"minecraft:open_barrel":72,"minecraft:bell_ring":12,"minecraft:leave_game":14,"minecraft:time_since_death":368761,"minecraft:sprint_one_cm":1010519,"minecraft:damage_blocked_by_shield":2000,"minecraft:drop":242,"minecraft:play_noteblock":4,"minecraft:talked_to_villager":237,"minecraft:play_time":1146319,"minecraft:deaths":49,"minecraft:jump":7541,"minecraft:interact_with_brewingstand":1,"minecraft:walk_on_water_one_cm":208239,"minecraft:enchant_item":11,"minecraft:interact_with_furnace":120,"minecraft:traded_with_villager":43,"minecraft:interact_with_cartography_table":1,"minecraft:interact_with_loom":1,"minecraft:sleep_in_bed":37,"minecraft:open_enderchest":1,"minecraft:damage_dealt":25176,"minecraft:player_kills":9,"minecraft:crouch_one_cm":59930,"minecraft:interact_with_smoker":12,"minecraft:horse_one_cm":509,"minecraft:interact_with_smithing_table":1,"minecraft:interact_with_anvil":15,"minecraft:mob_kills":868,"minecraft:climb_one_cm":42255,"minecraft:walk_one_cm":3472816,"minecraft:sneak_time":29697,"minecraft:walk_under_water_one_cm":200698,"minecraft:boat_one_cm":321728,"minecraft:total_world_time":1146319,"minecraft:tune_noteblock":112,"minecraft:pot_flower":2,"minecraft:time_since_rest":7711,"minecraft:damage_absorbed":40,"minecraft:damage_taken":19995,"minecraft:swim_one_cm":171,"minecraft:fly_one_cm":374555,"minecraft:open_chest":494,"minecraft:fish_caught":131,"minecraft:fall_one_cm":157071},"minecraft:broken":{"minecraft:stone_pickaxe":1,"minecraft:stone_axe":1,"minecraft:stone_shovel":1,"minecraft:iron_pickaxe":1},"minecraft:mined":{"minecraft:dark_oak_planks":17,"minecraft:waxed_cut_copper_slab":4,"minecraft:dark_prismarine_stairs":7,"minecraft:spruce_planks":32,"minecraft:stone_pressure_plate":1,"minecraft:black_terracotta":14,"minecraft:potted_blue_orchid":2,"minecraft:potted_dead_bush":1,"minecraft:granite":70,"minecraft:grass_block":287,"minecraft:polished_blackstone_brick_slab":2,"minecraft:mud_bricks":109,"minecraft:mud_brick_wall":6,"minecraft:crimson_fungus":3,"minecraft:spawner":2,"minecraft:polished_blackstone_bricks":4,"minecraft:iron_ore":54,"minecraft:dark_oak_trapdoor":1,"minecraft:barrel":1,"minecraft:sticky_piston":1,"minecraft:fire":5,"minecraft:moss_carpet":4,"minecraft:dark_oak_stairs":3,"minecraft:green_stained_glass":1,"minecraft:enchanting_table":7,"minecraft:cave_vines":1,"minecraft:water_cauldron":1,"minecraft:flowering_azalea_leaves":2,"minecraft:iron_bars":5,"minecraft:quartz_slab":1,"minecraft:green_carpet":1,"minecraft:blue_orchid":1,"minecraft:player_head":3,"minecraft:spruce_slab":8,"minecraft:waxed_cut_copper_stairs":5,"minecraft:waxed_cut_copper":18,"minecraft:cut_sandstone":11,"minecraft:deepslate_redstone_ore":45,"minecraft:brown_mushroom":11,"minecraft:blackstone":1,"minecraft:kelp_plant":7,"minecraft:orange_terracotta":1,"minecraft:soul_lantern":1,"alexscaves:dinosaur_chop":1,"minecraft:torch":36,"minecraft:poppy":2,"minecraft:chest":6,"minecraft:dead_bush":2,"minecraft:cobblestone":352,"minecraft:cyan_bed":1,"minecraft:oak_planks":14,"minecraft:sugar_cane":88,"minecraft:iron_door":1,"minecraft:smooth_sandstone_slab":2,"minecraft:wall_torch":62,"minecraft:skeleton_skull":1,"minecraft:seagrass":3,"minecraft:blue_terracotta":2,"minecraft:waxed_oxidized_cut_copper_stairs":3,"minecraft:tinted_glass":23,"minecraft:birch_log":5,"minecraft:wheat":229,"minecraft:lilac":4,"minecraft:jukebox":1,"minecraft:tnt":13,"minecraft:black_bed":11,"minecraft:smooth_stone_slab":1,"minecraft:grass":828,"minecraft:oak_log":145,"minecraft:dirt":376,"minecraft:waxed_oxidized_copper":1,"minecraft:sand":192,"minecraft:crimson_planks":5,"minecraft:tripwire_hook":2,"minecraft:dispenser":3,"minecraft:netherrack":7,"minecraft:oak_leaves":168,"minecraft:deepslate":1121,"minecraft:redstone_lamp":1,"minecraft:gray_candle":1,"minecraft:dark_prismarine":16,"minecraft:tuff":119,"minecraft:red_carpet":3,"minecraft:deepslate_diamond_ore":11,"minecraft:mossy_cobblestone":119,"minecraft:dark_oak_leaves":13,"minecraft:stripped_mangrove_log":1,"minecraft:dark_oak_log":73,"minecraft:potted_flowering_azalea_bush":1,"minecraft:purple_candle":1,"gravestone:gravestone":45,"minecraft:glow_lichen":5,"minecraft:dark_oak_fence":1,"minecraft:purple_terracotta":9,"minecraft:stone_button":1,"minecraft:spruce_fence":2,"minecraft:jungle_planks":4,"minecraft:stripped_jungle_wood":1,"minecraft:crimson_roots":7,"minecraft:mangrove_trapdoor":1,"minecraft:kelp":10,"minecraft:spruce_leaves":1,"minecraft:sandstone":15,"minecraft:moss_block":3,"minecraft:hay_block":31,"minecraft:oak_trapdoor":6,"minecraft:packed_mud":40,"minecraft:waxed_oxidized_cut_copper":32,"minecraft:furnace":4,"minecraft:waxed_oxidized_cut_copper_slab":5,"minecraft:andesite":70,"minecraft:diamond_block":1,"minecraft:gold_block":2,"minecraft:peony":1,"minecraft:bookshelf":29,"minecraft:potatoes":424,"minecraft:deepslate_iron_ore":14,"minecraft:cobblestone_slab":10,"minecraft:vine":4,"minecraft:rail":3,"minecraft:stone":1210,"minecraft:ender_chest":1,"minecraft:white_wool":9,"minecraft:mud_brick_slab":8,"minecraft:oak_slab":1,"minecraft:scaffolding":1,"minecraft:mangrove_stairs":1,"minecraft:flowering_azalea":2,"minecraft:redstone_block":1,"minecraft:comparator":1,"minecraft:lily_of_the_valley":1,"minecraft:basalt":3,"minecraft:observer":1,"minecraft:dandelion":14,"minecraft:oak_fence":6,"minecraft:smooth_sandstone":3,"minecraft:crafting_table":22,"minecraft:cornflower":4,"minecraft:lectern":107,"minecraft:copper_ore":29,"minecraft:tall_grass":48,"minecraft:lapis_ore":14,"minecraft:deepslate_gold_ore":34,"minecraft:diorite":21,"minecraft:spruce_stairs":2,"minecraft:spruce_log":4,"minecraft:birch_leaves":23,"minecraft:dark_prismarine_slab":6,"minecraft:coal_ore":242,"minecraft:dark_oak_button":2,"minecraft:gravel":98,"minecraft:gray_carpet":2,"minecraft:cobweb":4,"minecraft:terracotta":3,"minecraft:stone_bricks":3,"minecraft:small_dripleaf":5,"minecraft:gold_ore":11,"minecraft:waxed_exposed_cut_copper":10,"minecraft:fern":5},"minecraft:dropped":{"minecraft:soul_sand":1,"minecraft:moss_block":1,"minecraft:lapis_lazuli":86,"minecraft:baked_potato":1,"minecraft:glow_ink_sac":1,"minecraft:diamond":28,"minecraft:glow_item_frame":1,"minecraft:lantern":1,"minecraft:black_bed":1,"minecraft:flint":1,"minecraft:item_frame":1,"minecraft:cod":11,"minecraft:light_weighted_pressure_plate":2,"minecraft:emerald":54,"minecraft:packed_mud":4,"minecraft:redstone_lamp":1,"minecraft:dark_oak_fence":1,"minecraft:mutton":3,"minecraft:crimson_roots":6,"minecraft:snout_armor_trim_smithing_template":1,"gravestone:obituary":21,"minecraft:jungle_sign":4,"minecraft:sand":5,"minecraft:polished_blackstone_bricks":4,"minecraft:dark_oak_planks":28,"minecraft:birch_log":5,"minecraft:white_wool":5,"minecraft:cyan_carpet":4,"minecraft:gold_ingot":9,"minecraft:bone":7,"minecraft:stone_axe":1,"minecraft:waxed_cut_copper_stairs":4,"minecraft:blackstone":9,"minecraft:emerald_block":4,"minecraft:lever":6,"minecraft:cobbled_deepslate":221,"minecraft:tinted_glass":8,"minecraft:rotten_flesh":64,"minecraft:oak_planks":12,"minecraft:carrot":1,"minecraft:poppy":1,"minecraft:oak_fence_gate":3,"minecraft:gunpowder":1,"minecraft:oak_wood":2,"minecraft:stone_brick_wall":1,"minecraft:spruce_slab":13,"minecraft:basalt":2,"minecraft:arrow":1,"minecraft:beef":1,"minecraft:egg":9,"minecraft:bread":22,"minecraft:iron_ingot":97,"minecraft:oak_slab":2,"minecraft:wheat_seeds":3,"minecraft:diamond_leggings":1,"minecraft:dark_prismarine_slab":8,"minecraft:cobblestone":136,"minecraft:granite":7,"minecraft:coal":14,"minecraft:golden_apple":16,"minecraft:stick":6,"minecraft:oxeye_daisy":1,"minecraft:lava_bucket":1,"minecraft:jungle_slab":1,"minecraft:mud_brick_wall":1,"minecraft:diorite":1,"minecraft:torch":2,"minecraft:wooden_axe":2,"minecraft:diamond_helmet":2,"minecraft:polished_blackstone_brick_slab":4,"minecraft:iron_axe":1,"minecraft:string":13,"minecraft:lily_pad":6,"minecraft:redstone":1,"minecraft:dandelion":3,"minecraft:anvil":1,"minecraft:moss_carpet":2,"minecraft:oak_trapdoor":1,"minecraft:player_head":1,"minecraft:deepslate":21,"minecraft:raw_iron":2,"minecraft:waxed_exposed_cut_copper":5,"minecraft:spruce_fence":2,"minecraft:diamond_sword":3,"minecraft:potato":1,"minecraft:cobblestone_slab":6,"minecraft:flower_pot":1,"minecraft:diamond_chestplate":1,"minecraft:spruce_planks":3,"minecraft:diamond_pickaxe":1,"minecraft:andesite":3,"minecraft:spider_eye":2,"minecraft:diamond_boots":1,"minecraft:wooden_pickaxe":5,"minecraft:stone_pickaxe":7,"minecraft:purple_candle":3,"minecraft:quartz_slab":8}},"DataVersion":3465}